Date,Open,High,Low,Close,Volume,Daily_Return,MA_10,MA_30,MA_50,EMA_10,BB_Middle,BB_Upper,BB_Lower,RSI,MACD,Signal_Line,Future_Close,Predicted_Close,Signal,Strategy_Return,Cumulative_PnL
2023-11-23,2.8970000743865967,2.937999963760376,2.858999967575073,2.934000015258789,59224,,3.010700011253357,3.1229000012079875,3.0510799884796143,2.995724298238428,3.1615000009536742,3.606192920988792,2.716807080918556,26.815648092033754,-0.0523117861456801,-0.0085667320231723,2.8550000190734863,2.8850188,-1,,
2023-11-24,2.8970000743865967,2.950999975204468,2.7980000972747803,2.8550000190734863,34118,-0.02692569726463845,2.992900013923645,3.1101999998092653,3.055299987792969,2.970138065662984,3.1460500001907348,3.611370027159979,2.6807299732214904,31.082340621308504,-0.0612437172850275,-0.0191021290755433,2.7939999103546143,2.806657,-1,0.02692569726463845,1.0269256972646383
2023-11-27,2.7780001163482666,2.819999933242798,2.7090001106262207,2.7939999103546143,67039,-0.021366062455813184,2.9526000022888184,3.0996999979019164,3.056619987487793,2.938112946516007,3.118149995803833,3.59815846389595,2.638141527711716,33.00589441576244,-0.0724098404710931,-0.0297636713546533,2.7060000896453857,2.750314,-1,0.021366062455813184,1.048867055849874
2023-11-28,2.789999961853028,2.815000057220459,2.6689999103546143,2.7060000896453857,187190,-0.031495999832748645,2.912600016593933,3.08726666768392,3.053779988288879,2.8959106089031668,3.0746999979019165,3.537605272679633,2.6117947231242,31.343294868330503,-0.087352972933036,-0.0412815316703298,2.803999900817871,2.6782422,-1,0.031495999832748645,1.0819021724654974
2023-11-29,2.7920000553131104,2.869999885559082,2.759999990463257,2.803999900817871,141591,0.03621574572280517,2.874000000953674,3.078866664568584,3.0551999855041503,2.8791995710694764,3.0401999950408936,3.4734246786389726,2.6069753114428145,39.27601880248714,-0.0902474311167185,-0.0510747115596075,2.802000045776367,2.7622416,-1,-0.03621574572280517,1.0427202784905365
2023-11-30,2.799000024795532,2.8550000190734863,2.760999917984009,2.802000045776367,147752,-0.0007132150899579193,2.848000001907349,3.07369999885559,3.0590399885177613,2.865163293743457,3.006700003147125,3.4012257834164337,2.6121742228778166,39.490448070740285,-0.0916462408523535,-0.0591890174181567,2.813999891281128,2.7650228,-1,0.0007132150899579193,1.0434639623277613
2023-12-01,2.809000015258789,2.844000101089477,2.753999948501587,2.813999891281128,133190,0.004282600038800544,2.833399987220764,3.070866664250692,3.062579984664917,2.855860856932124,2.9716499924659727,3.293988351256929,2.649311633675016,29.778235425182004,-0.0907405201679005,-0.0654993179681055,2.694000005722046,2.759497,-1,-0.004282600038800544,1.0389952235222095
2023-12-04,2.727999925613404,2.752000093460083,2.6489999294281006,2.694000005722046,161786,-0.04264388422007004,2.8145999908447266,3.0631333271662395,3.063679986000061,2.826431611257564,2.943149995803833,3.257344240476037,2.6289557511316293,28.893436866318723,-0.0985694703865847,-0.0721133484518013,2.7100000381469727,2.6598046,-1,0.04264388422007004,1.0833020155392965
2023-12-05,2.6989998817443848,2.7860000133514404,2.674999952316284,2.7100000381469727,119974,0.005939136002577117,2.8009999990463257,3.054433329900106,3.06475998878479,2.805262234328365,2.921649992465973,3.237969133611488,2.6053308513204576,23.56826678528087,-0.1023036086221798,-0.078151400485877,2.569000005722046,2.670004,-1,-0.005939136002577117,1.0768681375371427
2023-12-06,2.6989998817443848,2.756999969482422,2.54099988937378,2.569000005722046,218374,-0.052029531527733486,2.768199992179871,3.039733330408732,3.0608599901199343,2.762305465490853,2.894799995422363,3.23545979060317,2.554140200241556,23.23559806075771,-0.115311228246675,-0.0855833660380366,2.5850000381469727,2.5588903,-1,0.052029531527733486,1.132897082250343
2023-12-07,2.569000005722046,2.621000051498413,2.489000082015991,2.5850000381469727,248396,0.006228116928489458,2.733299994468689,3.018766665458679,3.0536599922180176,2.730068115064693,2.872000002861023,3.23195263646146,2.512047369260586,27.544898382236312,-0.1229119392889872,-0.0930490806882267,2.5810000896453857,2.5521853,-1,-0.006228116928489458,1.1258412667541433
2023-12-08,2.559000015258789,2.609999895095825,2.5380001068115234,2.5810000896453857,190998,-0.0015473688365800209,2.7059000015258787,2.9993333339691164,3.046699995994568,2.702964837715728,2.849400007724762,3.223279463343879,2.4755205521056447,30.223383647731765,-0.1277852906779459,-0.0999963226861706,2.430999994277954,2.555716,-1,0.0015473688365800209,1.1275833584452544
2023-12-11,2.490000009536743,2.490000009536743,2.2939999103546143,2.430999994277954,330300,-0.0581170438425056,2.669600009918213,2.9686333338419595,3.0385199975967407,2.653516684363405,2.811100006103516,3.1919239799208667,2.4302760322861645,26.28570354227536,-0.1421130204202247,-0.1084196622329814,2.311000108718872,2.432014,1,0.0581170438425056,1.193115169924097
2023-12-12,2.437999963760376,2.4609999656677246,2.276000022888184,2.311000108718872,223455,-0.04936235534411171,2.630100011825561,2.926500002543132,3.0257600021362303,2.5912409433371257,2.771350014209747,3.186943556979932,2.355756471439563,18.961842896181764,-0.1612915685487146,-0.1189940434961281,2.3350000381469727,2.3102524,-1,-0.04936235534411171,1.1342201949398534
2023-12-13,2.2780001163482666,2.384999990463257,2.234999895095825,2.3350000381469727,255188,0.0103850836430317,2.5832000255584715,2.887866671880086,3.013220005035401,2.5446516878480065,2.728600013256073,3.1387328947340114,2.3184671317781342,17.830266327331813,-0.1725648917314863,-0.1297082131431997,2.3919999599456787,2.3073156,-1,-0.0103850836430317,1.1224412233457872
2023-12-14,2.352999925613404,2.421999931335449,2.328000068664551,2.3919999599456787,159486,0.02441110101391719,2.5422000169754027,2.851866674423218,2.9977400064468385,2.516896828229401,2.695100009441376,3.099988992973268,2.2902110259094832,24.532427709141672,-0.1748837136630325,-0.1387433132471663,2.490999937057495,2.3810022,-1,-0.02441110101391719,1.0950411972605085
2023-12-15,2.407999992370605,2.5439999103546143,2.380000114440918,2.490999937057495,189244,0.04138795099062831,2.50990002155304,2.817733335494995,2.9808000040054323,2.512188302561782,2.671650004386902,3.0661325921632288,2.277167416610576,34.002097682730266,-0.1668100436271129,-0.1443566593231556,2.503000020980835,2.4632008,-1,-0.04138795099062831,1.0497196858555717
2023-12-18,2.503000020980835,2.5969998836517334,2.48799991607666,2.503000020980835,154295,0.004817376245105365,2.4908000230789185,2.792366671562194,2.9633400058746338,2.5105177059107007,2.6527000069618225,3.0410005127608164,2.2643995011628286,38.34671507671555,-0.1576262778600479,-0.1470105830305341,2.492000102996826,2.5132058,1,-0.004817376245105365,1.0446627911769117
2023-12-19,2.5190000534057617,2.565000057220459,2.384999990463257,2.492000102996826,170435,-0.004394693524492399,2.469000029563904,2.7707666714986163,2.945540008544922,2.507150869017269,2.6350000143051147,3.018443110283053,2.2515569183271764,30.1020395750794,-0.1495121952565412,-0.1475109054757355,2.447000026702881,2.4795635,-1,-0.004394693524492399,1.0400718183732485
2023-12-20,2.556999921798706,2.5899999141693115,2.4100000858306885,2.447000026702881,125263,-0.018057814780918058,2.456800031661987,2.748800007502238,2.9269400072097778,2.4962143522328346,2.612500011920929,2.9838307196854914,2.2411693041563665,28.53687042478309,-0.1450409150264553,-0.1470169073858795,2.572000026702881,2.5035853,1,0.018057814780918058,1.0588532426282853
2023-12-21,2.427000045776367,2.6040000915527344,2.407999992370605,2.572000026702881,84545,0.051082958167526726,2.455500030517578,2.7331666787465414,2.9115000057220457,2.509993565772843,2.594400012493133,2.9336520213172275,2.2551480036690394,37.127664296430446,-0.1299133773530103,-0.1435962013793056,2.609999895095825,2.5297263,-1,0.051082958167526726,1.112942598527016
2023-12-22,2.5840001106262207,2.619999885559082,2.5280001163482666,2.609999895095825,42835,0.014774443234224055,2.458400011062622,2.7190666755040485,2.89898000240326,2.5281765347406577,2.5821500062942504,2.898715917267224,2.2655840953212767,45.10488752642612,-0.1135494950606683,-0.1375868601155782,2.549999952316284,2.61548,1,-0.014774443234224055,1.0964994912821289
2023-12-26,2.5450000762939453,2.5810000896453857,2.4539999961853027,2.549999952316284,50762,-0.02298848474755899,2.470300006866455,2.6975000063578287,2.8878000020980834,2.5321444288453168,2.569950008392334,2.8705433973652204,2.2693566194194474,41.13081280937265,-0.1042210984429772,-0.130913707781058,2.61899995803833,2.5396352,-1,-0.02298848474755899,1.0712926294510834
2023-12-27,2.5799999237060547,2.7219998836517334,2.562000036239624,2.61899995803833,129265,0.027058826279337866,2.5010999917984007,2.681266673405965,2.878600001335144,2.5479363432440465,2.565600001811981,2.8603650832631367,2.2708349203608256,53.012046462340905,-0.090220546808065,-0.1227750755864594,2.556999921798706,2.6201675,1,-0.027058826279337866,1.0423047082964314
2023-12-28,2.4549999237060547,2.575999975204468,2.4119999408721924,2.556999921798706,116059,-0.023673171910267188,2.523299980163574,2.6601666688919066,2.868619999885559,2.5495842666176207,2.5532500028610228,2.825820477746732,2.2806795279753134,48.40181927593122,-0.0831691711040085,-0.1148538946899692,2.513999938964844,2.5367606,-1,-0.023673171910267188,1.0176300497540491
2023-12-29,2.5390000343322754,2.561000108718872,2.489000082015991,2.513999938964844,89598,-0.016816575732866546,2.5354999780654905,2.641899998982747,2.8597599983215334,2.5431143888625702,2.5388499975204466,2.785262759297596,2.2924372357432974,46.33878847366987,-0.0801269902388144,-0.1079085137997383,2.568000078201294,2.5646186,1,0.016816575732866546,1.034743102553779
2024-01-02,2.6050000190734863,2.674999952316284,2.5239999294281006,2.568000078201294,132454,0.021479769509733737,2.5431999921798707,2.6288333336512246,2.853140001296997,2.547639059651429,2.526550006866456,2.7370796153889283,2.316020398343982,58.36386586374797,-0.0725226836932178,-0.1008313477784342,2.6679999828338623,2.6180708,1,0.021479769509733737,1.056969145898421
2024-01-03,2.575000047683716,2.719000101089477,2.5369999408721924,2.6679999828338623,166472,0.038940771646164274,2.559699988365173,2.62170000076294,2.847979998588562,2.5695228638664163,2.5252500057220457,2.731707695962319,2.3187923154817724,72.34042362725769,-0.0577612239652296,-0.0922173230157933,2.821000099182129,2.698452,1,0.038940771646164274,1.0981283400458925
2024-01-04,2.687999963760376,2.86299991607666,2.680999994277954,2.821000099182129,206311,0.05734637081434868,2.592599987983704,2.6208666721979776,2.844980001449585,2.615245997560182,2.530800008773804,2.76258356818126,2.299016449366348,76.18534886959276,-0.033332592686571,-0.0804403769499488,2.8929998874664307,2.7997105,-1,0.05734637081434868,1.1611020150359095
2024-01-05,2.845000028610229,2.9059998989105225,2.680999994277954,2.8929998874664307,187503,0.025522788285323283,2.6371999740600587,2.6207333326339723,2.8426399993896485,2.6657467048158634,2.547000002861023,2.8297190948548576,2.2642809108671886,76.56415761619813,-0.00806992019558,-0.0659662855990751,2.9800000190734863,2.8665836,-1,-0.025522788285323283,1.1314674541284857
2024-01-08,2.950000047683716,3.01200008392334,2.694000005722046,2.9800000190734863,237672,0.03007263566928331,2.677999973297119,2.622266666094462,2.837960000038147,2.722883671044522,2.566750001907349,2.9094672140920323,2.2240327897226653,76.2620883470166,0.0187549182682444,-0.0490220448256111,3.190000057220459,2.9759688,-1,-0.03007263566928331,1.0974412456088283
2024-01-09,2.943000078201294,3.3919999599456787,2.884000062942505,3.190000057220459,351780,0.0704698110076738,2.7359999895095823,2.6334333340326945,2.8384800004959105,2.8078139230765102,2.597200000286102,3.039110966355352,2.155289034216853,80.42515799719095,0.0563099381331841,-0.0279556482338521,3.0390000343322754,3.088999,-1,-0.0704698110076738,1.020104768438748
2024-01-10,3.1670000553131104,3.2260000705718994,2.9560000896453857,3.0390000343322754,258013,-0.047335429523394534,2.784899997711181,2.64160000483195,2.832220001220703,2.8498477614866493,2.627600002288818,3.1036996844273617,2.1515003201502747,71.55239985480705,0.0730460921772206,-0.0077553001516375,3.0969998836517334,3.083406,1,0.047335429523394534,1.0683918658116591
2024-01-11,3.0290000438690186,3.2309999465942383,2.944999933242798,3.0969998836517334,235033,0.01908517560520573,2.832699990272522,2.654633331298828,2.822659997940064,2.89478451097121,2.6668999910354616,3.162331282895985,2.1714686991749383,75.35101189359241,0.0899527980870376,0.0117863194960974,3.312999963760376,3.1336837,1,0.01908517560520573,1.088782312185848
2024-01-12,3.118000030517578,3.377000093460083,3.101999998092652,3.312999963760376,265883,0.06974494292003408,2.908299994468689,2.6716000000635782,2.8190399980545044,2.9708236842056035,2.715799987316132,3.2635919545209404,2.1680080201113228,76.98470457018755,0.1194044652548256,0.0333099486478431,2.900000095367432,3.1639614,-1,0.06974494292003408,1.1647193724015927
2024-01-16,3.11299991607666,3.188999891281128,2.822000026702881,2.900000095367432,228164,-0.12466039025372455,2.946900010108948,2.6748666683832805,2.8076000022888183,2.9579466680532085,2.741199994087219,3.2726411730948044,2.209758815079634,58.29520068012042,0.1081725401696975,0.048282466952214,2.869999885559082,2.9304838,1,0.12466039025372455,1.3099137439012483
2024-01-17,2.8429999351501465,2.9579999446868896,2.75600004196167,2.869999885559082,150330,-0.010344899593718426,2.9770999908447267,2.6767333348592124,2.7946999979019167,2.941956343963368,2.7601499915122987,3.280948669151474,2.239351313873123,59.31315194742025,0.0957466842331653,0.0577753104084042,2.697000026702881,2.8081322,-1,-0.010344899593718426,1.296362817744158
2024-01-18,2.875999927520752,2.9600000381469727,2.66599988937378,2.697000026702881,151819,-0.06027869886918147,2.9799999952316285,2.6768333355585736,2.7833599996566774,2.897418831734188,2.769849991798401,3.2775441616737986,2.262155821923004,52.140506792574,0.0711196381720462,0.0604441759611326,2.5190000534057617,2.6811016,-1,0.06027869886918147,1.3745058816601616
2024-01-19,2.711999893188477,2.71399998664856,2.513999938964844,2.5190000534057617,138427,-0.06599924788088585,2.949799990653992,2.670466669400533,2.770939998626709,2.828615417492656,2.7711999893188475,3.275918188778896,2.266481789858799,49.01961122023935,0.0368150356882419,0.0557183479065545,2.4189999103546143,2.5223894,1,0.06599924788088585,1.465222236057586
2024-01-22,2.380000114440918,2.470000028610229,2.311000108718872,2.4189999103546143,121583,-0.03969834892061408,2.90239999294281,2.6654666662216187,2.7571999979019166,2.7541398707402847,2.7697999835014344,3.278444677742049,2.26115528926082,47.61904704996165,0.0015414464254748,0.0448829676103385,2.450000047683716,2.4395711,1,-0.03969834892061408,1.4070553324843296
2024-01-23,2.437000036239624,2.49399995803833,2.325000047683716,2.450000047683716,69155,0.012815270143832658,2.849399995803833,2.66096666653951,2.745380001068116,2.698841721093636,2.763699984550476,3.2850989619880164,2.242301007112936,47.00811300169456,-0.0236391774712432,0.0311785385940222,2.6410000324249268,2.4636593,1,0.012815270143832658,1.4250871266774365
2024-01-24,2.497999906539917,2.696000099182129,2.494999885559082,2.6410000324249268,65497,0.07795917592809287,2.79449999332428,2.6629666646321613,2.7375400018692018,2.6883250504265974,2.765249991416931,3.284906508596431,2.245593474237431,49.3456144507301,-0.0278617281520365,0.0193704852448104,2.571000099182129,2.5613234,-1,0.07795917592809287,1.536185744698943
2024-01-25,2.683000087738037,2.884000062942505,2.526000022888184,2.571000099182129,44984,-0.026505086097452613,2.747699999809265,2.667633334795634,2.725020003318787,2.666993241109421,2.7662999987602235,3.284207152858806,2.248392844661641,43.68686874768354,-0.0364365220420888,0.0082090837874306,2.711999893188477,2.5751166,1,0.026505086097452613,1.5769024801238678
2024-01-26,2.6070001125335693,2.803999900817871,2.424000024795532,2.711999893188477,73015,0.05484239150795922,2.70920000076294,2.680999994277954,2.717140002250672,2.6751762687601586,2.770949995517731,3.2849438304873884,2.256956160548073,45.583211515675416,-0.0314915875674968,0.0002689495164451,2.490000009536743,2.5963683,-1,0.05484239150795922,1.6633835833086927
2024-01-29,2.680000066757202,2.759999990463257,2.4110000133514404,2.490000009536743,164621,-0.08185836740234176,2.6269000053405764,2.6861666599909464,2.703140001296997,2.6415078579922646,2.767599999904633,3.2882948206168603,2.246905179192405,38.78204991747595,-0.0449678650930405,-0.008778413405452,2.07699990272522,2.4663126,-1,0.08185836740234176,1.7995454478021997
2024-01-30,2.059999942779541,2.11899995803833,2.0460000038146973,2.07699990272522,139745,-0.165863496076195,2.544599986076355,2.675666658083598,2.683439998626709,2.538870047943711,2.745749998092651,3.3423900216694955,2.149109974515807,26.68621226366521,-0.0879596253490948,-0.0246146557941805,2.0999999046325684,2.0745623,-1,0.165863496076195,2.0980243471226747
2024-01-31,2.0899999141693115,2.157999992370605,2.0369999408721924,2.0999999046325684,142856,0.011073665375318509,2.467599987983704,2.662633323669433,2.666239995956421,2.459075476432594,2.722349989414215,3.381751424576159,2.0629485542522707,29.21646297830949,-0.1188054815189314,-0.0434528209391307,2.049999952316284,2.1104348,1,-0.011073665375318509,2.074791527553367
2024-02-01,2.134000062942505,2.1679999828338623,2.032999992370605,2.049999952316284,161340,-0.023809502184254927,2.402899980545044,2.647533321380615,2.649599995613098,2.3846981084114467,2.691449987888336,3.416251688185382,1.96664828759129,26.743670256608738,-0.145607154412052,-0.063883687633715,2.0789999961853027,2.0843892,1,-0.023809502184254927,2.0253917741462115
2024-02-02,2.053999900817871,2.0999999046325684,2.0209999084472656,2.0789999961853027,125062,0.014146363191985145,2.358899974822998,2.6337666511535645,2.6342599964141846,2.3291166334612385,2.654349982738495,3.4256969523739467,1.883003013103043,20.106588358172644,-0.1626328814765183,-0.0836335264022756,2.0820000171661377,2.0582275,-1,0.014146363191985145,2.054043701789343
2024-02-05,2.109999895095825,2.127000093460083,2.04099988937378,2.0820000171661377,136031,0.0014430115374408636,2.3251999855041503,2.6215999841690065,2.6179599952697754,2.284186339589402,2.61379998922348,3.416936127322148,1.8106638511248123,25.27206600648458,-0.1738794422439218,-0.1016827095706049,2.009000062942505,2.0765524,-1,-0.0014430115374408636,2.051079693029253
2024-02-06,2.068000078201294,2.101999998092652,1.996999979019165,2.009000062942505,137680,-0.03506241768575724,2.281099987030029,2.602833318710327,2.59945999622345,2.234152471108148,2.565249991416932,3.3922190687675604,1.738280914066302,24.63170506676775,-0.1865326763189134,-0.1186527029202666,1.9670000076293943,2.0194602,1,0.03506241768575724,2.1229955059330194
2024-02-07,2.003000020980835,2.039999961853028,1.955999970436096,1.9670000076293943,204064,-0.020905950222617098,2.213699984550476,2.581399989128113,2.581699995994568,2.1855792959301925,2.504099988937378,3.31730984119117,1.6908901366835858,26.69220861473628,-0.19767088205713,-0.1344563387476393,1.9170000553131104,1.9918408,1,-0.020905950222617098,2.0786122675631438
2024-02-08,1.9700000286102293,1.993000030517578,1.8669999837875368,1.9170000553131104,237169,-0.025419396096771463,2.148299980163574,2.5602999925613403,2.5641599988937376,2.1367467067270867,2.44799998998642,3.260643218355196,1.6353567616176437,29.068149747430496,-0.2081333370845857,-0.1491917384150286,1.847000002861023,1.9298865,1,-0.025419396096771463,2.025775199002348
2024-02-09,1.8849999904632568,1.8849999904632568,1.8170000314712524,1.847000002861023,247314,-0.03651541493599697,2.0617999911308287,2.534566660722097,2.5469799971580507,2.084065487842348,2.3854999959468843,3.180050244944197,1.5909497469495717,29.68750145519165,-0.219542577121254,-0.1632619061562737,1.7680000066757202,1.8423729,-1,-0.03651541493599697,1.9518031770437252
2024-02-12,1.8049999475479128,1.8630000352859497,1.7319999933242798,1.7680000066757202,242152,-0.04277206067294581,1.9895999908447264,2.5082666635513307,2.5262599992752075,2.0265990367211426,2.308249998092651,3.01913110732472,1.5973688888605826,26.57966461082458,-0.2322815246847502,-0.177065829861969,1.6890000104904177,1.760172,-1,0.04277206067294581,2.035285820953888
2024-02-13,1.753999948501587,1.7860000133514404,1.6540000438690186,1.6890000104904177,286586,-0.04468325559219999,1.9508000016212463,2.4807666659355165,2.5039999985694887,1.965217395588284,2.2476999938488005,2.9526297146745355,1.5427702730230652,14.58332575709666,-0.2459170927030149,-0.1908360824301782,1.6089999675750732,1.7277505,1,0.04468325559219999,2.126229017494751
2024-02-14,1.6690000295639038,1.684999942779541,1.590000033378601,1.6089999675750732,208956,-0.04736533002869292,1.9017000079154969,2.448799995581309,2.4799000000953675,1.900450590494972,2.1846499979496,2.880740223101641,1.488559772797559,14.475619056372963,-0.2601795258535571,-0.2047047711148539,1.5809999704360962,1.7277505,1,-0.04736533002869292,2.0255194783645285
2024-02-15,1.6109999418258667,1.6690000295639038,1.5729999542236328,1.5809999704360962,183342,-0.017402111686289135,1.854800009727478,2.412566661834717,2.4576399993896483,1.8423686595751765,2.128849995136261,2.8309057141496594,1.426794276122863,4.43191492856613,-0.2706224060042022,-0.2178882980927236,1.6089999675750732,1.7296269,1,-0.017402111686289135,1.9902711621792748
2024-02-16,1.5889999866485596,1.6369999647140503,1.5750000476837158,1.6089999675750732,170384,0.01771030845196897,1.807800006866455,2.372166657447815,2.4356199979782103,1.7999379883024305,2.0833499908447264,2.7968015833049784,1.3698983983844744,7.927416469825218,-0.2734865156837434,-0.2290079416109275,1.5759999752044678,1.7316889,1,0.01771030845196897,2.0255194783645285
2024-02-20,1.5329999923706057,1.7089999914169312,1.5219999551773071,1.5759999752044678,201471,-0.020509628984231587,1.757200002670288,2.328266660372416,2.415759997367859,1.7592219859209826,2.0411999940872194,2.770586658649245,1.3118133295251937,12.443786658640676,-0.2752462988333615,-0.2382556130554143,1.7730000019073486,1.7296269,1,-0.020509628984231587,1.9839768253629377
2024-02-21,1.718999981880188,1.7920000553131104,1.6770000457763672,1.7730000019073486,170658,0.12500001891010326,1.7335999965667723,2.2880333264668784,2.3995199966430665,1.7617270797366853,2.007349991798401,2.7194884473606207,1.295211536236181,30.55886613691065,-0.2577732345117969,-0.2421591373466909,1.7319999933242798,1.7490554,-1,0.12500001891010326,2.2319739660505116
2024-02-22,1.784000039100647,1.784000039100647,1.6610000133514404,1.7319999933242798,87803,-0.02312465230623917,1.710099995136261,2.2394333243370057,2.382539994716644,1.7563221549344297,1.9618999898433684,2.617549414556164,1.306250565130573,30.889428673812645,-0.244416580989998,-0.2426106260753523,1.6030000448226929,1.7324917,1,0.02312465230623917,2.2835875879720073
2024-02-23,1.722000002861023,1.722000002861023,1.5809999704360962,1.6030000448226929,47590,-0.07448034006858939,1.6786999940872191,2.19156665802002,2.365979995727539,1.7284454076413864,1.9134999871253968,2.5209739321030544,1.3060260421477392,24.46352304621164,-0.2414571864475183,-0.2423799381497855,1.659000039100647,1.7277505,1,-0.07448034006858939,2.1135052078434424
2024-02-26,1.659999966621399,1.7300000190734863,1.593999981880188,1.659000039100647,110505,0.0349344932701785,1.6598999977111817,2.143633329868317,2.3529399943351748,1.7158189769976155,1.8608499944210053,2.347426544270931,1.3742734445710794,28.527920206990885,-0.2319196876305533,-0.2402878880459391,1.6150000095367432,1.7316889,1,0.0349344932701785,2.1873394413033362
2024-02-27,1.625,1.7200000286102295,1.5110000371932983,1.6150000095367432,179943,-0.026522018400768954,1.6445999979972838,2.087033331394196,2.33853999376297,1.697488255641093,1.817099994421005,2.2147048586162827,1.4194951302257282,29.39330457845928,-0.2253143027376809,-0.2372931709842875,1.8849999904632568,1.7372932,1,-0.026522018400768954,2.1293267843923616
2024-02-28,1.8170000314712524,1.906000018119812,1.781999945640564,1.8849999904632568,149429,0.16718264974126051,1.664199995994568,2.053199994564056,2.3283999943733216,1.7315812983360317,1.807499998807907,2.1875678547885986,1.4274321428272156,46.53716148186811,-0.1960329992549656,-0.2290411366384231,1.8600000143051147,1.8554871,-1,0.16718264974126051,2.4853132783721144
2024-02-29,1.868000030517578,1.9179999828338623,1.8289999961853027,1.8600000143051147,141543,-0.013262586888394656,1.689300000667572,2.019533332188924,2.315779995918274,1.754930155784956,1.7955000042915343,2.1510470376191337,1.4399529709639347,47.54098192040502,-0.1728521128665368,-0.2178033318840458,1.8350000381469729,1.8534251,-1,0.013262586888394656,2.5182749616714055
2024-03-01,1.851999998092652,1.888000011444092,1.809999942779541,1.8350000381469729,105501,-0.013440847293477942,1.7147000074386596,1.9907999992370609,2.3024199962615968,1.7694883162144133,1.7847500085830688,2.120338673559645,1.4491613436064923,49.46140192483416,-0.1547149251860349,-0.2051856505444437,1.9160000085830688,1.8534251,1,0.013440847293477942,2.5521227108742197
2024-03-04,1.8730000257492063,1.9889999628067017,1.870000004768372,1.9160000085830688,185412,0.0441416723445367,1.7454000115394592,1.9706999977429709,2.290899994373321,1.796126805735987,1.7766000092029572,2.089231919816797,1.463968098589118,56.63082483219369,-0.1322802087042889,-0.1906045621764127,1.9570000171661377,1.9326856,1,0.0441416723445367,2.66477767536068
2024-03-05,1.9279999732971191,2.009000062942505,1.8899999856948853,1.9570000171661377,142113,0.021398751774218017,1.7835000157356262,1.9553000013033548,2.2810999941825867,1.825376480541469,1.7703500092029572,2.0615372803952585,1.479162738010656,62.43042760860735,-0.1099250289104905,-0.1744686555232283,1.9290000200271609,1.9973004,1,0.021398751774218017,2.721800591369201
2024-03-06,1.950000047683716,1.9830000400543213,1.9210000038146973,1.9290000200271609,107219,-0.01430761210698539,1.7991000175476075,1.937933333714803,2.2682399940490723,1.844217124084322,1.76635000705719,2.0456908120125625,1.4870092021018178,65.59454593049543,-0.0933911980300199,-0.1582531640245866,1.8179999589920044,1.9382205,1,-0.01430761210698539,2.6828581242753273
2024-03-07,1.9290000200271609,1.955000042915344,1.781999945640564,1.8179999589920044,173658,-0.0575427993171268,1.80770001411438,1.9104999979337056,2.252399995326996,1.8394503667948088,1.7589000046253205,2.023254570877719,1.4945454383729222,60.685301870392735,-0.0882277604936523,-0.1442480833183998,1.8049999475479128,1.80808,-1,-0.0575427993171268,2.528478957633829
2024-03-08,1.7960000038146973,1.837000012397766,1.7549999952316284,1.8049999475479128,143794,-0.007150721527683368,1.8279000043869016,1.8849666595458985,2.2374999952316283,1.8331866542044644,1.7532999992370606,2.008126349531514,1.4984736489426074,58.95795170105885,-0.0842139256103442,-0.1322412517767887,1.758999943733215,1.7956831,-1,0.007150721527683368,2.5465594065484756
2024-03-11,1.8049999475479128,1.840999960899353,1.746000051498413,1.758999943733215,159954,-0.02548476739691241,1.8378999948501584,1.8531999945640565,2.220299994945526,1.8196981613915093,1.7488999962806702,1.9999247696392344,1.4978752229221055,58.26558128420603,-0.0837789962982655,-0.122548800681084,1.7139999866485596,1.7574894,-1,0.02548476739691241,2.6114578806867823
2024-03-12,1.7580000162124634,1.8229999542236328,1.690999984741211,1.7139999866485596,199589,-0.025582693873855256,1.8477999925613404,1.8273333271344503,2.203439996242523,1.8004803114382462,1.746199995279312,1.9975212303365268,1.4948787602220974,46.91099371873096,-0.0860732334844642,-0.1152536872417601,1.6579999923706057,1.7355063,1,0.025582693873855256,2.678266008212859
2024-03-13,1.7130000591278076,1.7170000076293943,1.6510000228881836,1.6579999923706057,176633,-0.03267210893475703,1.8250999927520752,1.813366663455963,2.186319997310638,1.7745747988804932,1.7446499943733216,1.9978320912513228,1.4914678974953204,46.185566604878574,-0.0913570572224968,-0.1104743612379074,1.741000056266785,1.7290149,1,-0.03267210893475703,2.5907614094362716
2024-03-14,1.6679999828338623,1.7669999599456787,1.6430000066757202,1.741000056266785,168141,0.050060352399342145,1.8131999969482424,1.8014000018437704,2.169779996871948,1.7684703002234552,1.751249998807907,1.996294256232607,1.5062057413832073,57.46753288641034,-0.0878346113819725,-0.1059464112667205,1.6549999713897705,1.7343998,-1,0.050060352399342145,2.7204558385752677
2024-03-15,1.756999969482422,1.77400004863739,1.6460000276565552,1.6549999713897705,154729,-0.04939694548972262,1.795199990272522,1.7882333358128866,2.1495199966430665,1.7478393313446032,1.7549499988555908,1.9912490796699995,1.518650918041182,49.79035287070055,-0.0909343017662582,-0.102943989366628,1.7029999494552612,1.7290149,1,0.04939694548972262,2.8548380473405683
2024-03-18,1.6890000104904177,1.7619999647140503,1.684000015258789,1.7029999494552612,137349,0.029003008395935614,1.7738999843597412,1.775700000921885,2.127159993648529,1.7396867164556318,1.7596499979496003,1.9873074323098003,1.5319925635894005,54.59289843680297,-0.0884974877001041,-0.1000546890333232,1.74399995803833,1.7399365,1,0.029003008395935614,2.9376369391966235
2024-03-19,1.7170000076293943,1.7690000534057615,1.7009999752044678,1.74399995803833,128064,0.024075167234258288,1.7525999784469604,1.7644333322842916,2.104179995059967,1.7404709421979403,1.7680499970912933,1.978957286988414,1.5571427071941726,40.32921709758611,-0.0823091285567458,-0.0965055769380078,1.6990000009536743,1.7459805,1,0.024075167234258288,3.0083610397813167
2024-03-20,1.75,1.7649999856948853,1.6859999895095823,1.6990000009536743,115068,-0.025802728306984712,1.7295999765396115,1.754099996884664,2.078559994697571,1.7329307710626194,1.7643499970436096,1.9774763755822216,1.5512236185049977,39.25233659734384,-0.0801124434277422,-0.0932269502359547,1.6829999685287476,1.7345315,1,-0.025802728306984712,2.9307371172225216
2024-03-21,1.6990000009536743,1.7130000591278076,1.6510000228881836,1.6829999685287476,77701,-0.009417323376071596,1.716099977493286,1.7446333289146423,2.048419992923737,1.723852443329188,1.761899995803833,1.9777019552675987,1.5460980363400674,39.72972681262927,-0.078754787369939,-0.0903325176627515,1.659000039100647,1.731363,1,-0.009417323376071596,2.9031374180593814
2024-03-22,1.684000015258789,1.712000012397766,1.6469999551773071,1.659000039100647,44514,-0.014260207888821874,1.7014999866485596,1.7360333283742269,2.020819993019104,1.7120610971058168,1.7646999955177307,1.973149011783178,1.5562509792522834,31.185949014036325,-0.0787081305568657,-0.0880076402415744,1.6150000095367432,1.7299165,1,-0.014260207888821874,2.861738074948037
2024-03-25,1.6640000343322754,1.6749999523162842,1.5889999866485596,1.6150000095367432,84776,-0.026522018400768954,1.6870999932289124,1.7282999952634177,1.991179995536804,1.6944136266387124,1.7624999940395356,1.9765009870036407,1.5484990010754305,25.072889691804065,-0.0812845911892492,-0.0866630304311093,1.5750000476837158,1.7289948,1,-0.026522018400768954,2.785839005066084
2024-03-26,1.6080000400543213,1.6469999551773071,1.4809999465942385,1.5750000476837158,123173,-0.02476777809091235,1.673199999332428,1.7218666632970174,1.956419997215271,1.672702066828713,1.760499995946884,1.9809555068225584,1.54004448507121,24.641838459816128,-0.0855677457221073,-0.0864439734893089,1.718000054359436,1.7375828,1,-0.02476777809091235,2.7168399627915996
2024-03-27,1.7890000343322754,1.7890000343322754,1.7039999961853027,1.718000054359436,144888,0.09079365228339142,1.679200005531311,1.7228333314259847,1.932779996395111,1.6809380645615717,1.7521499991416931,1.9652793400424884,1.5390206582408978,43.15069164248188,-0.0765409546301627,-0.0844633697174797,1.7630000114440918,1.7485031,1,0.09079365228339142,2.9635117856829223
2024-03-28,1.7170000076293943,1.7860000133514404,1.6859999895095823,1.7630000114440918,155745,0.026193222154136775,1.6814000010490415,1.7279666662216189,1.910639998912812,1.6958584185402117,1.747299998998642,1.954425792327133,1.5401742056701502,47.24409855323406,-0.0650066806496048,-0.0805720319039047,1.837000012397766,1.7546746,-1,0.026193222154136775,3.0411357082417174
2024-04-01,1.7549999952316284,1.8530000448226929,1.7059999704360962,1.837000012397766,169145,0.04197390837964887,1.6996000051498412,1.7365000009536744,1.893439998626709,1.721520526514312,1.7473999977111816,1.9547059213001616,1.5400940741222016,54.93671344499774,-0.0493259054531527,-0.0743228066137543,1.861999988555908,1.8260876,-1,-0.04197390837964887,2.913487356653901
2024-04-02,1.837000012397766,1.88100004196167,1.777999997138977,1.861999988555908,170434,0.013609132275133051,1.715500009059906,1.7449333349863687,1.880299997329712,1.7470622468855113,1.7446999967098236,1.9440125982678016,1.545387395151845,59.61038997230008,-0.0344839791475548,-0.0663550411205144,1.840999960899353,1.8489561,-1,-0.013609132275133051,2.8738373218352704
2024-04-03,1.851999998092652,1.906000018119812,1.8359999656677248,1.840999960899353,133034,-0.011278210411183598,1.7252000093460085,1.753766667842865,1.8687399983406068,1.764141831251664,1.7388999938964844,1.917918235353696,1.5598817524392732,62.44897720864398,-0.0241379253690758,-0.0579116179702267,1.77400004863739,1.8526729,1,0.011278210411183598,2.9062490638384406
2024-04-04,1.843999981880188,1.8530000448226929,1.7690000534057615,1.77400004863739,179437,-0.036393217645280584,1.7327000141143798,1.7538000027338665,1.85521999835968,1.765934234412705,1.7311499953269958,1.887502172380793,1.5747978182731983,52.2948538716001,-0.0211016890522008,-0.0505496321866215,1.784999966621399,1.782609,1,-0.036393217645280584,2.8004813091267753
2024-04-05,1.7790000438690186,1.8229999542236328,1.7549999952316284,1.784999966621399,191179,0.00620063003518978,1.742900013923645,1.755566668510437,1.8380999970436096,1.7694007311779218,1.7294999957084656,1.88265692848618,1.5763430629307518,60.09317209960792,-0.0176049100011987,-0.043960687749537,1.843999981880188,1.7959602,1,0.00620063003518978,2.8178460576451343
2024-04-08,1.7699999809265137,1.850000023841858,1.746000051498413,1.843999981880188,216676,0.033053230454935356,1.761400008201599,1.7635999997456868,1.823559994697571,1.7829642313056069,1.7314499974250794,1.889567157681967,1.5733328371681918,60.76336564179396,-0.0099580886157959,-0.0371601679227888,1.871999979019165,1.8324854,-1,0.033053230454935356,2.91098497277501
2024-04-09,1.847000002861023,1.924000024795532,1.838000059127808,1.871999979019165,215016,0.015184380376418227,1.7871000051498414,1.7706999977429707,1.8067599964141845,1.799152549071708,1.7370999991893767,1.9069988980008203,1.5672011003779331,59.96885331012032,-0.0016198887430316,-0.0300521120868373,1.8849999904632568,1.8590146,-1,-0.015184380376418227,2.8667834696783565
2024-04-10,1.888000011444092,1.9429999589920044,1.8669999837875368,1.8849999904632568,174388,0.0069444506355726965,1.8180999994277955,1.7796999971071878,1.7946599960327148,1.814761174779262,1.7456499993801118,1.927448335836264,1.5638516629239596,65.24590638080659,0.005968387155592,-0.0228480122383514,1.7640000581741333,1.8590146,-1,-0.0069444506355726965,2.8468752333902994
2024-04-11,1.8739999532699585,1.8919999599456787,1.753999948501587,1.7640000581741333,230318,-0.0641909458362313,1.8226999998092648,1.7756666660308835,1.788399999141693,1.8055318808510568,1.750950002670288,1.9281106001298127,1.5737894052107633,55.66434450199838,0.0021931855014714,-0.0178397726903869,1.7699999809265137,1.7900174,1,0.0641909458362313,3.0296188472993646
2024-04-12,1.7669999599456787,1.784999966621399,1.7309999465942385,1.7699999809265137,162917,0.0034013166408797257,1.823399996757508,1.772666664918264,1.781800000667572,1.799071535410231,1.7523999989032746,1.92969236380234,1.5751076340042092,57.96269688141851,-0.0003109608228086,-0.0143340103168712,1.690999984741211,1.7622119,-1,0.0034013166408797257,3.0399235403002067
2024-04-15,1.7719999551773071,1.7920000553131104,1.6779999732971191,1.690999984741211,170569,-0.044632766687347614,1.808799993991852,1.7678666631380715,1.7746200013160705,1.779422162561318,1.7541999995708466,1.928025782847664,1.580374216294029,55.19125772051532,-0.0085713491107697,-0.0131814780756509,1.7319999933242798,1.7369152,1,0.044632766687347614,3.1756037384218017
2024-04-16,1.6950000524520874,1.8020000457763672,1.64900004863739,1.7319999933242798,231556,0.024246013573645087,1.7957999944686889,1.761733329296112,1.76768000125885,1.7707999499727656,1.7556500017642975,1.9281563000135191,1.583143703515076,60.70941430157556,-0.0116748281490042,-0.0128801480903216,1.712000012397766,1.7367635,1,0.024246013573645087,3.2525994697680947
2024-04-17,1.6799999475479126,1.7239999771118164,1.659999966621399,1.712000012397766,152348,-0.011547333142956528,1.7828999996185302,1.7535666624704995,1.7602800011634827,1.7601090522318563,1.754050004482269,1.9276016999029808,1.580498309061558,49.50819300502945,-0.0155687224192628,-0.0134178629561098,1.756999969482422,1.7374451,1,-0.011547333142956528,3.2150406201100785
2024-04-18,1.722000002861023,1.7799999713897705,1.7130000591278076,1.756999969482422,160729,0.026285021471250447,1.7811999917030334,1.7478333274523417,1.755239999294281,1.759543764459232,1.7569500029087066,1.9285559816775144,1.5853440241398986,49.50819300502948,-0.0148523327790173,-0.0137047569206913,1.7519999742507937,1.7578856,1,0.026285021471250447,3.2995480318406143
2024-04-19,1.741000056266785,1.805999994277954,1.7239999771118164,1.7519999742507937,154111,-0.002845757153371653,1.7778999924659729,1.745633327960968,1.750939998626709,1.758172166239516,1.760400003194809,1.9284844130158003,1.5923155933738176,42.14416885510977,-0.0145206615092223,-0.0138679378383975,1.7910000085830688,1.7568563,1,-0.002845757153371653,3.2901583194261104
2024-04-22,1.7649999856948853,1.7999999523162842,1.7209999561309814,1.7910000085830688,107242,0.022260293895810523,1.772599995136261,1.7451666633288063,1.7484199976921082,1.7641408648474346,1.76700000166893,1.928559480650924,1.6054405226869366,43.60360205555588,-0.0109842136273583,-0.0132911929961897,1.812000036239624,1.77697,-1,0.022260293895810523,3.3633982105802818
2024-04-23,1.7979999780654907,1.8480000495910645,1.7450000047683716,1.812000036239624,71346,0.011725308518099498,1.766600000858307,1.7469333330790202,1.7477199983596805,1.772842532373287,1.776850003004074,1.9226418625050423,1.6310581435031055,47.38739280555452,-0.0064131002472855,-0.0119155744464088,1.652999997138977,1.7804841,-1,-0.011725308518099498,3.323961328892004
2024-04-24,1.8359999656677248,1.840000033378601,1.633999943733215,1.652999997138977,58154,-0.08774836419463539,1.7434000015258788,1.7449000000953674,1.745419998168945,1.7510529805125032,1.780750000476837,1.906618549112028,1.654881451841646,40.64914357224088,-0.0154424236498753,-0.0126209442871021,1.6380000114440918,1.7313786,1,0.08774836419463539,3.6156334981485037
2024-04-25,1.6440000534057615,1.6749999523162842,1.5829999446868896,1.6380000114440918,75479,-0.009074401525013487,1.730799996852875,1.7442333340644836,1.7443999981880187,1.730497895227337,1.77674999833107,1.9154459839911533,1.6380540126709864,38.70967919145692,-0.0235372778965119,-0.0148042110089841,1.6139999628067017,1.7322801,1,-0.009074401525013487,3.5828237880190152
2024-04-26,1.621999979019165,1.628000020980835,1.4819999933242798,1.6139999628067017,119516,-0.014652044242802642,1.7151999950408936,1.7399999976158145,1.7444999980926514,1.70931645296904,1.7692999958992004,1.925950595562508,1.6126493962358932,31.331165375426096,-0.0315257028768136,-0.01814850938255,2.0299999713897705,1.7408681,1,-0.014652044242802642,3.530328095362795
2024-04-29,1.9229999780654907,2.055999994277954,1.9160000085830688,2.0299999713897705,158855,0.25774474483856635,1.7490999937057494,1.7524999976158142,1.7534799981117248,1.7676225472273543,1.7789499938488007,1.972575207006364,1.5853247806912376,57.8685259200666,-0.0042399872578671,-0.0153668049576134,1.991000056266785,2.0226383,-1,0.25774474483856635,4.4402516094985005
2024-04-30,2.049999952316284,2.0920000076293945,1.950999975204468,1.991000056266785,150370,-0.019211781119526594,1.775,1.7621000011761982,1.7611199998855591,1.8082366397799776,1.7853999972343444,1.998308087874972,1.5724919065937166,55.14563500077835,0.0140749247671987,-0.009478459012651,1.932000041007996,2.0027642,1,0.019211781119526594,4.525556751535812
2024-05-01,1.9539999961853027,1.9700000286102293,1.9129999876022337,1.932000041007996,135918,-0.029633356901765495,1.797000002861023,1.7683666706085206,1.7682400012016295,1.83073907636689,1.7899500012397769,2.0115722391901025,1.5683277632894512,58.67768564508241,0.0235572628885041,-0.0028713146324199,2.0350000858306885,1.956603,1,-0.029633356901765495,4.391449313138357
2024-05-02,1.930999994277954,2.049999952316284,1.9270000457763672,2.0350000858306885,153739,0.05331265146814057,1.8248000144958496,1.7795666734377542,1.7734800028800963,1.867877441723944,1.8030000030994413,2.049957092779868,1.5560429134190157,62.44131881062045,0.0389345141330634,0.0054898511206767,2.1419999599456787,2.0506978,1,0.05331265146814057,4.6255691198097075
2024-05-03,2.0309998989105225,2.1600000858306885,2.01200008392334,2.1419999599456787,209456,0.05257978850222633,1.863800013065338,1.794866673151652,1.7816800022125243,1.917717899582441,1.820850002765656,2.1102837837017714,1.5314162218295395,70.63129011725484,0.0590741224263438,0.0162067053818101,2.194999933242798,2.1599722,1,0.05257978850222633,4.868780565831731
2024-05-06,2.1700000762939453,2.26200008392334,2.132999897003174,2.194999933242798,196381,0.02474321862193829,1.904200005531311,1.812733336289724,1.7935199999809266,1.9681328147934152,1.838400000333786,2.172815056025567,1.503984944642005,70.95022542424756,0.0784077265382128,0.0286469096130906,2.2070000171661377,2.2146153,1,0.02474321862193829,4.98924986779435
2024-05-07,2.2060000896453857,2.2300000190734863,2.1419999599456787,2.2070000171661377,149430,0.005467008787381378,1.9437000036239624,1.8324666698773704,1.8044799995422365,2.011563215224819,1.855150002241135,2.22800091150552,1.4822990929767492,72.56153160790296,0.0936188734740095,0.0416413023852744,2.187000036239624,2.1824963,-1,0.005467008787381378,5.016526140664023
2024-05-08,2.219000101089477,2.2739999294281006,2.1670000553131104,2.187000036239624,149910,-0.009062066502470767,1.997100007534027,1.8528666694959004,1.8159200000762936,2.0434608190456927,1.870250004529953,2.2715656761709258,1.4689343328889803,70.05597276334689,0.1028741169141966,0.0538878652910588,2.3010001182556152,2.2356317,1,0.009062066502470767,5.061986234162104
2024-05-09,2.186000108718872,2.315999984741211,2.1530001163482666,2.3010001182556152,207677,0.05212623691218843,2.06340001821518,1.8723000049591063,1.824240002632141,2.090286146174769,1.8971000075340272,2.338353230118291,1.4558467849497634,73.24301825779426,0.1180470450476507,0.0667197012423772,2.252000093460083,2.2776692,-1,0.05212623691218843,5.325848527850274
2024-05-10,2.306999921798706,2.344000101089477,2.242000102996826,2.252000093460083,142992,-0.021295098773258192,2.127200031280517,1.8886000076929728,1.8320800042152403,2.1196886820448264,1.9212000131607057,2.3852847103754566,1.457115315945955,69.35348634092874,0.1246805674471791,0.0783118744833376,2.38100004196167,2.2894275,1,0.021295098773258192,5.439262998302258
2024-05-13,2.25,2.384000062942505,2.21399998664856,2.38100004196167,164690,0.05728239038542182,2.162300038337708,1.9067333420117696,1.8430000042915344,2.167199838393344,1.9557000160217288,2.449375466377766,1.4620245656656914,71.90146246577667,0.1387475046213273,0.0903990005109355,2.344000101089477,2.3784328,-1,0.05728239038542182,5.750836984779988
2024-05-14,2.361999988555908,2.3970000743865967,2.305999994277954,2.344000101089477,147573,-0.015539664099169515,2.197600042819977,1.9228000124295552,1.8515600061416624,2.199345340701731,1.9863000214099884,2.4971623343391167,1.47543770848086,79.35429681656484,0.1452358788662962,0.1013663761820077,2.41599988937378,2.385492,1,0.015539664099169515,5.840203059812549
2024-05-15,2.3429999351501465,2.424000024795532,2.312999963760376,2.41599988937378,180743,0.03071663190237839,2.246000027656556,1.941966676712036,1.860740003585816,2.238737076823922,2.0215000152587894,2.549510606940542,1.4934894235770368,81.52350278316078,0.1544078260852752,0.1119746661626612,2.494999885559082,2.4376738,1,0.03071663190237839,6.019594427435956
2024-05-16,2.4049999713897705,2.575000047683716,2.388999938964844,2.494999885559082,229617,0.032698675414996936,2.2920000076293947,1.966000004609426,1.8720600008964536,2.285330314775769,2.0584000110626226,2.611151366139307,1.5056486559859386,84.1737836973256,0.1661361852706502,0.122806969984259,2.625999927520752,2.5350957,1,0.032698675414996936,6.2164271917486085
2024-05-17,2.486999988555908,2.6540000438690186,2.484999895095825,2.625999927520752,185798,0.05250502924665068,2.3404000043869018,1.9940333366394043,1.8882200002670289,2.347270244365766,2.1021000087261204,2.6899384531002544,1.5142615643519863,79.68128128651082,0.1838819266091755,0.1350219613092423,2.750999927520752,2.6101675,-1,0.05250502924665068,6.542820883261044
2024-05-20,2.6589999198913574,2.75600004196167,2.625,2.750999927520752,211255,0.047600915251362785,2.3960000038146974,2.0242666681607564,1.9071399998664853,2.420675641303036,2.1501000046730043,2.785807580040734,1.5143924293052748,84.86238597328551,0.2056612746480861,0.1491498239770111,2.6710000038146973,2.6993735,-1,-0.047600915251362785,6.231376620892088
2024-05-21,2.7330000400543213,2.7980000972747803,2.640000104904175,2.6710000038146973,174162,-0.029080307456842425,2.442400002479553,2.050900002320608,1.9253800010681152,2.466189161759701,2.1930500030517583,2.848347564998128,1.5377524411053891,83.25833303736655,0.2139993878912158,0.162119736759852,2.8420000076293945,2.703646,1,0.029080307456842425,6.41258696890701
2024-05-22,2.664999961853028,2.8510000705718994,2.608999967575073,2.8420000076293945,184820,0.0640209672671197,2.5078999996185303,2.082800002892812,1.947940001487732,2.534518406463282,2.252500003576279,2.917175119799261,1.5878248873532974,84.22392505848737,0.2317343841792709,0.1760426662437358,2.657000064849853,2.7682796,-1,0.0640209672671197,6.823126989340964
2024-05-23,2.799000024795532,2.924000024795532,2.640000104904175,2.657000064849853,116689,-0.06509498321003027,2.543499994277954,2.112566669782003,1.967920002937317,2.556787798897204,2.3034500062465666,2.9245879775111048,1.6823120349820286,70.48529097410034,0.2282306464148011,0.1864802622779489,2.5199999809265137,2.6531415,-1,0.06509498321003027,7.267278326152018
2024-05-24,2.6760001182556152,2.7090001106262207,2.493000030517578,2.5199999809265137,51814,-0.05156194225801847,2.570299983024597,2.137566669782003,1.9835000014305115,2.5500991047207147,2.3487500071525576,2.884448180103563,1.813051834201552,62.11782572897688,0.2119558520537126,0.1915753802331017,2.5899999141693115,2.587128,1,0.05156194225801847,7.641993311578018
2024-05-28,2.503000020980835,2.621000051498413,2.4749999046325684,2.5899999141693115,86031,0.02777775149707007,2.5911999702453614,2.1675333340962726,2.0022000002861025,2.5573537973477323,2.3767500042915346,2.9007105220750025,1.8527894865080667,63.68834816277907,0.2023735337439811,0.1937350109352776,2.493000030517578,2.576384,-1,0.02777775149707007,7.854270702729304
2024-05-29,2.594000101089477,2.6689999103546143,2.4170000553131104,2.493000030517578,161403,-0.03745169377074831,2.6060999631881714,2.192900002002716,2.0180000019073487,2.5456531124695223,2.401850003004074,2.89520592500417,1.9084940810039777,60.365856317876016,0.184821885845404,0.1919523859173029,2.572000026702881,2.5375452,1,0.03745169377074831,8.148426443880481
2024-05-30,2.6619999408721924,2.681999921798706,2.562000036239624,2.572000026702881,160060,0.03168872652155619,2.6216999769210814,2.22156666914622,2.03456000328064,2.550443460511952,2.4338500022888185,2.8796166056309698,1.9880833989466675,59.40319226206528,0.1752663564371364,0.1886151800212696,2.586999893188477,2.6195421,1,0.03168872652155619,8.406639701041627
2024-05-31,2.569999933242798,2.624000072479248,2.5179998874664307,2.586999893188477,139119,0.00583198535375784,2.630899977684021,2.249233333269755,2.052320001125336,2.557090084634956,2.461449992656708,2.870042132872727,2.052857852440689,61.9047602909352,0.1669790636980321,0.1842879567566221,2.75600004196167,2.6381855,1,0.00583198535375784,8.455667100652422
2024-06-03,2.6449999809265137,2.799000024795532,2.628000020980835,2.75600004196167,233692,0.06532669337102304,2.643899989128113,2.282700002193451,2.073780002593994,2.593255531421631,2.492149996757507,2.891850517300377,2.092449476214637,62.95784784573011,0.1720647685630001,0.1818433191178977,2.5859999656677246,2.7024753,-1,0.06532669337102304,9.00804787258419
2024-06-04,2.7720000743865967,2.8289999961853027,2.572999954223633,2.5859999656677246,221922,-0.06168362616313405,2.6273999929428102,2.30920000076294,2.092320001125336,2.591936337648193,2.5116999983787536,2.887753748520792,2.135646248236715,57.65822508800742,0.160527183455831,0.1775800919854844,2.756999969482422,2.6546223,1,0.06168362616313405,9.563696930016288
2024-06-05,2.617000102996826,2.7869999408721924,2.6050000190734863,2.756999969482422,201665,0.06612529237622922,2.6359999895095827,2.3406999985376995,2.115160000324249,2.6219479070725984,2.539199995994568,2.901628358172043,2.1767716338170926,60.15485706528436,0.1632994212578729,0.1747239578399621,2.821000099182129,2.7268717,-1,0.06612529237622922,10.196099185711262
2024-06-06,2.76200008392334,2.877000093460083,2.7239999771118164,2.821000099182129,194237,0.023213685313069554,2.633899998664856,2.3796333352724712,2.1400800013542174,2.6581392147288767,2.570899999141693,2.914013204839524,2.2277867934438627,59.79567929377667,0.1687158638280204,0.1735223390375738,2.9179999828338623,2.7990394,-1,-0.023213685313069554,9.959410147793315
2024-06-07,2.813999891281128,2.9670000076293945,2.79099988937378,2.9179999828338623,209110,0.03438492741629329,2.6599999904632567,2.422300000985464,2.164079999923706,2.7053866271116016,2.6017499923706056,2.953527345093797,2.2499726396474142,58.957057592718144,0.1787747099639949,0.174572813222858,2.9059998989105225,2.8571491,-1,-0.03438492741629329,9.616956552752347
2024-06-10,2.9800000190734863,3.095999956130981,2.861999988555908,2.9059998989105225,269719,-0.004112434542129728,2.698599982261657,2.4653666655222577,2.1869399976730346,2.741861767438678,2.634449982643128,2.970575563666715,2.29832440161954,55.10876649579216,0.1836609820371673,0.1763904469857199,3.128999948501587,2.9691117,1,0.004112434542129728,9.656505657070047
2024-06-11,2.984999895095825,3.1589999198913574,2.9660000801086426,3.128999948501587,227818,0.07673780362988603,2.752499985694885,2.501999998092652,2.212779996395111,2.8122505276319343,2.6718499779701235,3.0527145160735745,2.2909854398666725,63.7951783435511,0.2031854329788296,0.1817494441843418,3.0450000762939453,3.0949435,-1,0.07673780362988603,10.397524691933173
2024-06-12,3.130000114440918,3.131999969482422,2.994999885559082,3.0450000762939453,224795,-0.02684559718445101,2.807699990272522,2.5371333320935565,2.236439998149872,2.854568627388664,2.706899976730347,3.0897452632431737,2.3240546902175208,56.45264064119897,0.2094660194609603,0.1872927592396655,2.9590001106262207,3.0523517,1,0.02684559718445101,10.676652451528193
2024-06-13,3.0280001163482666,3.0910000801086426,2.8980000019073486,2.9590001106262207,209730,-0.02824300936386015,2.846399998664856,2.5713666677474976,2.2588000011444094,2.873556169795492,2.734049987792969,3.1069191177473394,2.3611808578385984,60.24423509042762,0.205139233609239,0.1908620541135802,2.88100004196167,2.95029,-1,-0.02824300936386015,10.375111656365002
2024-06-14,2.9210000038146973,3.0,2.869999885559082,2.88100004196167,154123,-0.02636027906333649,2.875800013542176,2.599566666285197,2.2809400010108947,2.874909601098434,2.7533499956130982,3.113875534339529,2.3928244568866672,62.75618624619625,0.1931893049304136,0.1913275042769469,2.7880001068115234,2.8607483,-1,0.02636027906333649,10.648602494940057
2024-06-17,2.845999956130981,2.8480000495910645,2.759000062942505,2.7880001068115234,152241,-0.03228043519458712,2.879000020027161,2.6211000045140582,2.301000003814697,2.85910787486445,2.761450004577637,3.117175813182152,2.405724195973122,56.884568763285664,0.174206439430121,0.1879032913075817,2.9089999198913574,2.7955368,1,0.03228043519458712,10.992344017690888
2024-06-18,2.7720000743865967,2.91599988937378,2.7720000743865967,2.9089999198913574,147414,0.04340021823679718,2.911300015449524,2.6449000040690103,2.3223000025749205,2.8681791557784333,2.769350004196167,3.1310659774851786,2.407634030907156,64.2270834393334,0.1670009721820706,0.1837228274824795,2.740999937057495,2.843373,-1,0.04340021823679718,11.469414146992625
2024-06-20,2.9030001163482666,2.947999954223633,2.7230000495910645,2.740999937057495,186686,-0.05775180043323502,2.909700012207032,2.6627000013987225,2.339680001735687,2.845055661465535,2.772850000858307,3.1319039095883445,2.413796092128269,55.44809553345585,0.1460508100701325,0.1761884240000101,2.7049999237060547,2.7245245,-1,0.05775180043323502,12.131793463895864
2024-06-21,2.7249999046325684,2.7699999809265137,2.671999931335449,2.7049999237060547,79372,-0.01313389791248476,2.898099994659424,2.67996666431427,2.356080000400543,2.819590981872902,2.76599999666214,3.124726421645504,2.4072735716787763,53.75318156848481,0.1251006727627142,0.1659708737525509,2.811000108718872,2.6861787,-1,0.01313389791248476,12.29113120074602
2024-06-24,2.6700000762939453,2.8340001106262207,2.634999990463257,2.811000108718872,45418,0.03918676081424399,2.887400007247925,2.6969666639963785,2.377020001411438,2.8180290049358057,2.773699998855591,3.1291716061860093,2.4182283915251723,51.82240107564852,0.1157169540441045,0.1559200898108617,2.75600004196167,2.7482207,-1,-0.03918676081424399,11.809481582245894
2024-06-25,2.815999984741211,2.844000101089477,2.6989998817443848,2.75600004196167,78233,-0.019566013742442934,2.87240002155304,2.713766662279765,2.396740002632141,2.8067510116677807,2.785500001907349,3.120596245779633,2.4504037580350646,56.09756347851667,0.1026588562293024,0.1452678430945498,2.628000020980835,2.7110753,-1,0.019566013742442934,12.040546061175244
2024-06-26,2.736999988555908,2.746000051498413,2.61299991607666,2.628000020980835,141345,-0.046444128821466535,2.8223000288009645,2.721999994913737,2.415480003356933,2.774250831542881,2.787400007247925,3.118232720389723,2.4565672941061267,45.22576085258903,0.0810474234331448,0.1324237591622688,2.684999942779541,2.5846245,-1,0.046444128821466535,12.599758733521268
2024-06-27,2.733999967575073,2.7839999198913574,2.6730000972747803,2.684999942779541,139995,0.021689467786774275,2.786300015449524,2.7333666563034056,2.434540002346038,2.7580233972222734,2.797000002861023,3.101997009918468,2.492002995803579,44.94046985494783,0.0677387741388084,0.1194867621575767,2.6010000705718994,2.6709287,-1,-0.021689467786774275,12.32647667234943
2024-06-28,2.70199990272522,2.765000104904175,2.594000101089477,2.6010000705718994,151326,-0.03128486927291474,2.750500011444092,2.7395333290100097,2.4523200035095214,2.72947370146766,2.798450005054474,3.099189098849972,2.497710911258977,38.091662370593866,0.0498389733572932,0.10555720439752,2.477999925613404,2.582559,-1,0.03128486927291474,12.712108883639518
2024-07-01,2.575999975204468,2.601999998092652,2.470999956130981,2.477999925613404,181931,-0.047289558485652194,2.710199999809265,2.738966663678488,2.4667400026321413,2.683751196766886,2.79300000667572,3.113194706000506,2.472805307350934,35.15950071641318,0.0254349700319833,0.0895327575244127,2.434999942779541,2.4762757,-1,0.047289558485652194,13.313258900168366
2024-07-02,2.4760000705718994,2.483999967575073,2.414999961853028,2.434999942779541,154263,-0.01735269738687295,2.6748999834060667,2.7325999975204467,2.480400002002716,2.6385236960419136,2.7769500017166138,3.13490767671733,2.4189923267158977,22.503958372337703,0.0025949691375783,0.0721451998470458,2.4179999828338623,2.4538007,1,0.01735269738687295,13.54427985309608
2024-07-03,2.4660000801086426,2.4800000190734863,2.4100000858306885,2.4179999828338623,125894,-0.0069815032218331075,2.625799989700317,2.7214999993642173,2.492940001487732,2.598428475458632,2.768550002574921,3.152328189954273,2.384771815195568,23.76568500055764,-0.0166853129165263,0.0543790972943314,2.319000005722046,2.4152465,-1,-0.0069815032218331075,13.449720419664281
2024-07-05,2.4210000038146973,2.440000057220459,2.315000057220459,2.319000005722046,156544,-0.04094291886461876,2.5835999965667726,2.709766666094462,2.5030800008773806,2.5476232991428884,2.7466500043869018,3.1799911631101523,2.3133088456636512,23.509928219820367,-0.039498235059955,0.0356036308234741,2.365999937057495,2.3338072,1,0.04094291886461876,14.000391231558403
2024-07-08,2.2699999809265137,2.390000104904175,2.2679998874664307,2.365999937057495,162309,0.020267326959671594,2.5496999979019166,2.6938999970753987,2.517339999675751,2.514600869672817,2.7238999962806703,3.187522333293596,2.260277659267745,28.12233690758696,-0.053172202501011,0.0178484641585771,2.344000101089477,2.3701594,1,0.020267326959671594,14.284141738211716
2024-07-09,2.372999906539917,2.447999954223633,2.3310000896453857,2.344000101089477,155187,-0.009298324832323734,2.502999997138977,2.683466664950053,2.5314600014686586,2.4835825481122096,2.695200002193451,3.1788630583360096,2.2115369460508925,29.927661714557686,-0.0650344464992755,0.0012718820270065,2.3289999961853027,2.3823237,1,-0.009298324832323734,14.15132314837887
2024-07-10,2.345999956130981,2.384999990463257,2.2920000553131104,2.3289999961853027,146358,-0.006399361884499188,2.46029999256134,2.6770999987920123,2.5457600021362303,2.4554766295800445,2.66635000705719,3.1656519777014105,2.1670480364129694,21.000003814697266,-0.0747836836811632,-0.0139392311146274,2.2679998874664307,2.304211,-1,-0.006399361884499188,14.060763710407903
2024-07-11,2.325999975204468,2.3429999351501465,2.260999917984009,2.2679998874664307,122365,-0.026191545220603185,2.4242999792099,2.666366664568584,2.550520000457764,2.421389949195751,2.623300004005432,3.102720370957038,2.143879637053826,23.516238358740623,-0.086435844747895,-0.0284385538412809,2.3289999961853027,2.2830415,1,0.026191545220603185,14.429036838965267
2024-07-12,2.2669999599456787,2.3499999046325684,2.249000072479248,2.3289999961853027,129723,0.026895992833145588,2.388699984550476,2.660899996757508,2.557279999256134,2.404591775921124,2.5875,3.040538213115122,2.134461786884877,29.520706051259467,-0.0897139013582406,-0.0406936233446728,2.157999992370605,2.2940137,-1,0.026895992833145588,14.81712011037527
2024-07-15,2.2730000019073486,2.2850000858306885,2.1470000743865967,2.157999992370605,189516,-0.07342207131592127,2.3443999767303465,2.647099995613098,2.5617999982833863,2.359756906184666,2.547449994087219,3.003816668446698,2.09108331972774,16.7853464018078,-0.1049008246323821,-0.0535350636022147,2.187999963760376,2.2246716,1,0.07342207131592127,15.905023759815816
2024-07-16,2.1700000762939453,2.2179999351501465,2.1489999294281006,2.187999963760376,131219,0.013901747681108745,2.315399980545044,2.633799997965495,2.56485999584198,2.3285283711984315,2.5127999901771547,2.967765878177505,2.0578341021768045,20.35490026114056,-0.1132108001393499,-0.0654702109096417,2.0350000858306885,2.1549373,-1,0.013901747681108745,16.126131386986813
2024-07-17,2.180999994277954,2.2079999446868896,2.015000104904175,2.0350000858306885,212196,-0.06992681922477562,2.275399994850159,2.6097666660944623,2.56271999835968,2.27515959204066,2.475149989128113,2.957998663085585,1.992301315170641,19.837230172204727,-0.1306364316091217,-0.0785034550495377,2.125,2.072314,1,0.06992681922477562,17.25378046127962
2024-07-18,2.046999931335449,2.134000062942505,2.0239999294281006,2.125,159464,0.04422600018347089,2.2460999965667723,2.5944000005722048,2.5613199996948244,2.247857848033267,2.435949993133545,2.897315234442993,1.974584751824097,22.4409421102677,-0.135620777281515,-0.0899269194959332,2.128000020980835,2.1317286,1,0.04422600018347089,18.01684615912574
2024-07-19,2.08899998664856,2.1429998874664307,2.056999921798706,2.128000020980835,101992,0.0014117745792163738,2.226999998092652,2.5734333356221515,2.5597399997711183,2.226065515841916,2.405299997329712,2.8627676792888,1.9478323153706243,24.70587815305406,-0.1377410375758705,-0.0994897431119206,2.250999927520752,2.139611,1,0.0014117745792163738,18.042281884530848
2024-07-22,2.1040000915527344,2.2699999809265137,2.0899999141693115,2.250999927520752,148699,0.057800707390606165,2.215499997138977,2.554433329900106,2.5610199975967407,2.230599045238068,2.3825999975204466,2.8221564476457512,1.943043547395142,37.86095883058071,-0.1280205533807898,-0.1051959051656945,2.187000036239624,2.2344363,-1,0.057800707390606165,19.08513854039745
2024-07-23,2.244999885559082,2.265000104904175,2.122999906539917,2.187000036239624,112276,-0.028431760702727904,2.199799990653992,2.530066665013631,2.558739995956421,2.222671952692896,2.3513999938964845,2.749556477568458,1.953243510224511,37.02928833771059,-0.1240512701577163,-0.1089669781640989,2.117000102996826,2.1967664,1,0.028431760702727904,19.627762632356436
2024-07-24,2.1530001163482666,2.1700000762939453,2.101999998092652,2.117000102996826,65013,-0.0320072849030022,2.178600001335144,2.503766671816508,2.556039996147156,2.203458889111792,2.3194499969482423,2.68185042826471,1.957049565631774,35.084241659658645,-0.1251117834449591,-0.1121959392202709,2.04099988937378,2.1438897,1,-0.0320072849030022,18.999531241774104
2024-07-25,2.125999927520752,2.1549999713897705,2.0350000858306885,2.04099988937378,44964,-0.035899957451801745,2.155900001525879,2.4675000031789143,2.549239993095398,2.173920889159426,2.2900999903678896,2.6422183114773854,1.937981669258393,35.90262848067617,-0.1305795897174868,-0.1158726693197141,2.00600004196167,2.0611458,1,-0.035899957451801745,18.317448878590234
2024-07-26,2.052000045776367,2.0840001106262207,1.99399995803833,2.00600004196167,58506,-0.017148382807041118,2.123600006103516,2.432866668701172,2.542479991912842,2.143389826032561,2.256149995326996,2.577546453989493,1.9347535366644983,31.519507614097662,-0.1361674076480117,-0.1199316169853736,1.906999945640564,2.00589,-1,-0.017148382807041118,18.00333425317176
2024-07-29,2.0160000324249268,2.055999994277954,1.8559999465942385,1.906999945640564,162676,-0.04935199115165201,2.098500001430512,2.3977999965349834,2.532299993038177,2.1004098477794706,2.221449989080429,2.5358606730502187,1.9070393051106391,29.210268513537315,-0.146891005930899,-0.1253234947744787,2.125999927520752,1.9770101,1,0.04935199115165201,18.891834645934527
2024-07-30,2.065000057220459,2.134999990463257,1.991000056266785,2.125999927520752,157477,0.11484005669786512,2.092299997806549,2.372633326053619,2.5249199938774107,2.1050625895506125,2.2038499891757963,2.496444379094667,1.911255599256925,41.91234706301527,-0.1361486298950729,-0.1274885217985976,2.0360000133514404,2.13415,1,0.11484005669786512,21.06137400780034
2024-07-31,2.119999885559082,2.1489999294281006,2.0230000019073486,2.0360000133514404,167713,-0.04233298082670467,2.0923999905586244,2.3475666562716166,2.5131199955940247,2.0925057575144,2.1838999927043914,2.46428986486777,1.903510120541013,40.96573474812389,-0.1333601674087714,-0.1286628509206323,1.968000054359436,2.0621207,1,-0.04233298082670467,20.169783265744073
2024-08-01,2.0460000038146973,2.125999927520752,1.965000033378601,1.968000054359436,215979,-0.03339880085760427,2.076699995994568,2.31619999408722,2.4974599981307986,2.069868356940769,2.1613999962806703,2.4348276594456806,1.88797233311566,36.01858742203955,-0.1350801987432679,-0.1299463204851594,1.9670000076293943,2.00397,1,-0.03339880085760427,19.496136691110447
2024-08-02,1.9850000143051147,2.0230000019073486,1.919999957084656,1.9670000076293943,164207,-0.0005081538122047036,2.060599994659424,2.290399996439616,2.4833799982070923,2.0511650207023373,2.1437999963760377,2.41981721775038,1.867782775001696,41.4808181439798,-0.134968201963936,-0.1309506967809147,1.9420000314712524,1.9987009,1,-0.0005081538122047036,19.486229654927595
2024-08-05,1.950000047683716,1.9739999771118164,1.8819999694824217,1.9420000314712524,150595,-0.01270969804838562,2.029700005054474,2.264966666698456,2.4653799986839293,2.03131684084214,2.1226000010967256,2.3918065436199187,1.8533934585735323,38.9784935037856,-0.1353366561242093,-0.1318278886495737,2.009999990463257,1.9520196,1,-0.01270969804838562,19.23856555991197
2024-08-06,1.9570000171661377,2.032999992370605,1.899999976158142,2.009999990463257,154471,0.035015426307942965,2.012000000476837,2.238266662756602,2.4524399971961977,2.027441049864161,2.1058999955654145,2.358184599461837,1.853615391668992,48.78757984481281,-0.1286585348074065,-0.1311940178811402,2.111999988555908,2.0258203,1,0.035015426307942965,19.912212134545594
2024-08-07,2.025000095367432,2.119999885559082,2.009999990463257,2.111999988555908,226781,0.050746267948559964,2.011499989032745,2.2167999943097434,2.444279997348785,2.042815402353569,2.0950499951839445,2.324573472229857,1.8655265181380325,49.37679699761673,-0.1138234423631199,-0.1277199027775362,2.127000093460083,2.1243513,1,0.050746267948559964,20.922682586973814
2024-08-08,2.0999999046325684,2.178999900817871,2.0280001163482666,2.127000093460083,232204,0.007102322436294717,2.020100009441376,2.200099996725718,2.435020000934601,2.0581217098274807,2.0880000054836274,2.3033821492928195,1.872617861674436,49.95261006239562,-0.0997067838760878,-0.1221172789972465,2.1429998874664307,2.1514728,1,0.007102322436294717,21.071282224938752
2024-08-09,2.151000022888184,2.187000036239624,2.1040000915527344,2.1429998874664307,183426,0.00752223474533098,2.033799993991852,2.1820333282152813,2.428019998073578,2.073554105761835,2.078700000047684,2.264265515145382,1.8931344849499856,44.30379364815493,-0.0862341273187778,-0.1149406486615528,2.188999891281128,2.1561296,1,0.00752223474533098,21.22978535621986
2024-08-12,2.1730000972747803,2.25600004196167,2.1549999713897705,2.188999891281128,181250,0.021465238558216138,2.0619999885559084,2.1682999889055887,2.4203599953651427,2.0945442485835244,2.08024999499321,2.2690933940005538,1.891406595985866,50.107519108099,-0.0710263860955673,-0.1061577961483557,2.1480000019073486,2.2021716,1,0.021465238558216138,21.685487763430842
2024-08-13,2.174999952316284,2.239000082015991,2.134000062942505,2.1480000019073486,202099,-0.018729964097798035,2.064199995994568,2.15729999144872,2.4115799975395205,2.1042634764605834,2.0782499969005586,2.2630934283577906,1.8934065654433263,51.720305567485305,-0.0615727180662242,-0.0972407805319294,2.219000101089477,2.1684535,1,-0.018729964097798035,21.279319356178544
2024-08-14,2.1600000858306885,2.276000022888184,2.1440000534057617,2.219000101089477,189925,0.033054049869219115,2.0825000047683715,2.1500999967257184,2.4008399987220765,2.125124680938564,2.087449997663498,2.2813251251185185,1.8935748702084767,59.933051186837936,-0.0478004891276664,-0.0873527222510768,2.197000026702881,2.225713,1,0.033054049869219115,21.98268703936071
2024-08-15,2.227999925613404,2.3010001182556152,2.188999891281128,2.197000026702881,165423,-0.00991440891588724,2.105400002002716,2.142733331521352,2.39305999994278,2.138192925622985,2.091049998998642,2.2904559272016414,1.8916440707956423,60.81540243602795,-0.0382205380399471,-0.0775262854088509,2.122999906539917,2.2344277,1,-0.00991440891588724,21.76474169098251
2024-08-16,2.2049999237060547,2.2160000801086426,2.111000061035156,2.122999906539917,140820,-0.03368234832205197,2.1209999918937683,2.136199994881948,2.3803799986839294,2.1354305585169726,2.090799993276596,2.290023318042952,1.8915766685102404,62.58741147007438,-0.0361824601575553,-0.0692575203585917,2.234999895095825,2.147788,1,-0.03368234832205197,21.031654080207353
2024-08-19,2.125,2.253999948501587,2.0969998836517334,2.234999895095825,179074,0.052755531552729495,2.1502999782562258,2.131833326816559,2.368659994602204,2.153534074258582,2.0899999916553496,2.286626260218476,1.893373723092224,57.25698922068548,-0.025238867742019,-0.0604537898352772,2.197999954223633,2.2130663,-1,0.052755531552729495,22.141190170641824
2024-08-20,2.246000051498413,2.2780001163482666,2.1730000972747803,2.197999954223633,129952,-0.016554784165037306,2.169099974632263,2.126966655254364,2.354259994029998,2.161618779706773,2.0905499875545503,2.2883765508438936,1.8927234242652071,61.60458105275815,-0.0193287679106251,-0.0522287854503468,2.177000045776367,2.223651,1,0.016554784165037306,22.507732795073846
2024-08-21,2.200999975204468,2.227999925613404,2.13100004196167,2.177000045776367,124659,-0.009554098673620337,2.175599980354309,2.121899990240733,2.339679996967316,2.1644153735376084,2.093549984693527,2.294854630877057,1.8922453385099969,66.05222905839483,-0.0161532833272852,-0.0450136850257345,2.052999973297119,2.1564312,-1,-0.009554098673620337,22.29269169503023
2024-08-22,2.187999963760376,2.200000047683716,2.0309998989105225,2.052999973297119,153777,-0.056959150147848026,2.168199968338013,2.114733326435089,2.3181599974632263,2.144158028039337,2.0941499888896944,2.294865814996912,1.893434162782477,55.55555384425353,-0.0233730287281148,-0.0406855537662105,2.0220000743865967,2.0860233,1,0.056959150147848026,23.56246446848714
2024-08-23,2.061000108718872,2.0739998817443848,2.005000114440918,2.0220000743865967,62492,-0.015099804828899499,2.156099987030029,2.1044999957084656,2.297699997425079,2.121947491011566,2.094949990510941,2.294309438694128,1.8955905423277533,55.1282088510469,-0.0312360915195974,-0.0387956613168879,1.955999970436096,2.0261219,1,-0.015099804828899499,23.206675853725105
2024-08-26,2.003999948501587,2.0220000743865967,1.944000005722046,1.955999970436096,50432,-0.03264099976382184,2.1327999949455263,2.097766661643982,2.2776399946212766,2.0917752145432984,2.0973999917507173,2.288048049476864,1.9067519340245704,46.52956168215032,-0.0423056095030545,-0.0394976509541212,1.9040000438690183,1.9967089,1,-0.03264099976382184,22.449186752664573
2024-08-27,1.955999970436096,1.9739999771118164,1.875,1.9040000438690183,68871,-0.026584829935086374,2.1083999991416933,2.088299997647604,2.258099994659424,2.057634274420702,2.0862999975681307,2.2949387562384573,1.877661238897804,35.714288053557695,-0.0546443358600816,-0.0425269879353133,1.9299999475479128,1.9356556,1,-0.026584829935086374,21.852378940663993
2024-08-28,1.924000024795532,2.0,1.8559999465942385,1.9299999475479128,165219,0.013655411281431107,2.0794999837875365,2.0847999930381773,2.240939991474152,2.034428033171104,2.080999994277954,2.300139911955754,1.8618600766001536,36.67116242328219,-0.0616146352952187,-0.0463445174072944,2.13700008392334,1.9873276,1,0.013655411281431107,22.150782162576444
2024-08-29,2.0969998836517334,2.1489999294281006,2.026000022888184,2.13700008392334,154737,0.10725395958607309,2.0734999895095827,2.085199995835622,2.225499994754791,2.0530774969442374,2.089449995756149,2.3032107645649806,1.875689226947317,49.67742994019283,-0.0498607036284663,-0.0470477546515288,2.127000093460083,2.1454253,1,0.10725395958607309,24.526541257441327
2024-08-30,2.1449999809265137,2.1710000038146973,2.0929999351501465,2.127000093460083,131106,-0.004679452536519246,2.073900008201599,2.085166664918264,2.213219997882843,2.066517969038028,2.097450000047684,2.303761427243672,1.891138572851696,46.532449993439485,-0.0408812896971282,-0.0458144616606487,2.203000068664551,2.157464,1,-0.004679452536519246,24.411770471742148
2024-09-03,2.1459999084472656,2.2249999046325684,2.075000047683716,2.203000068664551,221115,0.03573106340622445,2.070700025558472,2.0835666696230573,2.203180000782013,2.0913328962428497,2.1105000019073485,2.308251039961277,1.91274896385342,52.96017537749817,-0.0273175766041608,-0.0421150846493511,2.1449999809265137,2.1565936,-1,0.03573106340622445,25.284028990326163
2024-09-04,2.197000026702881,2.2699999809265137,2.13100004196167,2.1449999809265137,150022,-0.026327773912960706,2.06540002822876,2.0821666677792865,2.189859998226166,2.101090548003516,2.117250001430512,2.309702179154026,1.9247978237069967,45.96069269437165,-0.0210062120733414,-0.0378933101341492,2.253999948501587,2.214238,1,0.026327773912960706,25.94970118919221
2024-09-05,2.138999938964844,2.2860000133514404,2.117000102996826,2.253999948501587,196899,0.050815836151192784,2.0731000185012816,2.086733329296112,2.179819996356964,2.128892257184983,2.1243499994277952,2.32623299281102,1.9224670060445703,52.84147161547244,-0.0071268696620285,-0.031740022039725,2.275000095367432,2.2576475,1,0.050815836151192784,27.268356952994615
2024-09-06,2.260999917984009,2.2939999103546143,2.2320001125335693,2.275000095367432,121498,0.009316835557075187,2.095300030708313,2.094533336162568,2.172759997844696,2.155457318672701,2.131749999523163,2.344594275542547,1.9189057235037792,58.000009536742695,0.0055037022866972,-0.0242912771744406,2.1700000762939453,2.2597437,-1,0.009316835557075187,27.522411750637293
2024-09-09,2.220000028610229,2.246999979019165,2.1410000324249268,2.1700000762939453,121498,-0.04615385260303839,2.110100030899048,2.100000003973643,2.1624600005149843,2.158101456422018,2.1331000089645387,2.346586266674329,1.919613751254748,46.55356238538907,0.006960659388393,-0.0180408898618738,2.2320001125335693,2.1788733,1,0.04615385260303839,28.792677085856337
2024-09-10,2.1489999294281006,2.257999897003174,2.125,2.2320001125335693,183556,0.02857144426718694,2.137700045108795,2.1108333428700763,2.155080001354217,2.171537575715027,2.1352500200271605,2.3519485971426843,1.9185514429116364,51.756206209374334,0.0129686980782,-0.011838972273859,2.2699999809265137,2.2339482,1,0.02857144426718694,29.61532545451799
2024-09-11,2.236000061035156,2.325000047683716,2.21399998664856,2.2699999809265137,198836,0.017025029783627632,2.1743000388145446,2.1156333446502686,2.1509200024604795,2.1894398312080243,2.1413500189781187,2.366272269155884,1.916427768800354,54.720808250976056,0.0205593879995293,-0.0053593002191814,2.3570001125335693,2.2868533,1,0.017025029783627632,30.119527252432984
2024-09-12,2.2860000133514404,2.3940000534057617,2.2290000915527344,2.3570001125335693,231423,0.03832604948813523,2.21700005531311,2.1263333479563395,2.14936000585556,2.2199053369035777,2.148250019550324,2.390965280888001,1.905534758212646,66.03375935975066,0.033212396151566,0.002355039054968,2.305000066757202,2.3690186,1,0.03832604948813523,31.273889744468967
2024-09-13,2.36299991607666,2.407000064849853,2.2939999103546143,2.305000066757202,173713,-0.022061961516188333,2.2338000535964966,2.1375666817029315,2.147100007534027,2.235377105967873,2.15365002155304,2.4055633857663103,1.9017366573397687,64.60267766852789,0.0385990809819523,0.0096038474403649,2.372999906539917,2.3172848,1,-0.022061961516188333,30.583926392464974
2024-09-16,2.2980000972747803,2.3970000743865967,2.265000104904175,2.372999906539917,163817,0.029501014235709278,2.25840003490448,2.151100011666616,2.148180005550385,2.260399433344608,2.16615002155304,2.435842467077806,1.896457576028273,71.47270359158776,0.0478040311766658,0.0172438841876251,2.3239998817443848,2.37055,-1,0.029501014235709278,31.48618324035297
2024-09-17,2.3910000324249268,2.436000108718872,2.306999921798706,2.3239998817443848,171895,-0.020648978813901153,2.270500016212464,2.1638333400090537,2.147340004444122,2.2719631512354765,2.1706000208854674,2.447905398997476,1.8932946427734587,71.69420261191445,0.0505622775714371,0.0239075628643875,2.2839999198913574,2.336012,1,0.020648978813901153,32.13634077101362
2024-09-18,2.312000036239624,2.377000093460083,2.275000095367432,2.2839999198913574,137696,-0.017211688420140314,2.284400010108948,2.1729666709899904,2.14614000082016,2.2741516546274547,2.1749000191688537,2.4566261932456,1.8931738450921072,68.02443425675997,0.0489562083873673,0.0289172919689834,2.3480000495910645,2.2930198,1,-0.017211688420140314,31.583220086699484
2024-09-19,2.2880001068115234,2.361000061035156,2.2230000495910645,2.3480000495910645,190187,0.02802107353083949,2.2938000202178954,2.180833339691162,2.146520001888275,2.287578635529929,2.1834500193595887,2.4756298258828324,1.891270212836345,62.57448802536613,0.0522454100182026,0.0335829155788273,2.434000015258789,2.3562648,1,0.02802107353083949,32.46821581908958
2024-09-20,2.3580000400543213,2.4600000381469727,2.313999891281128,2.434000015258789,161905,0.0366269011291982,2.3097000122070312,2.191066670417785,2.149840004444122,2.31420070457154,2.202500021457672,2.508235707508447,1.8967643354068973,66.77594833900454,0.0610874266766163,0.0390838177983851,2.61299991607666,2.4986267,1,0.0366269011291982,33.65742594973684
2024-09-23,2.461999893188477,2.6459999084472656,2.4579999446868896,2.61299991607666,124650,0.07354145427104264,2.353999996185302,2.2067333380381267,2.155520002841949,2.368527833936107,2.2320500135421755,2.576164089835153,1.887935937249198,70.13751457327528,0.0815979739622507,0.0475866490311582,2.5510001182556152,2.5728128,-1,0.07354145427104264,36.132642001100415
2024-09-24,2.634000062942505,2.674000024795532,2.5350000858306885,2.5510001182556152,61695,-0.023727439652633353,2.3858999967575074,2.2188000122706097,2.1633800053596497,2.4017046129032904,2.2618000209331512,2.6082992492581614,1.915300792608141,69.8630236053094,0.0917917468075817,0.0564276685864429,2.63700008392334,2.6113582,1,0.023727439652633353,36.98997708367173
2024-09-25,2.5829999446868896,2.657999992370605,2.562999963760376,2.63700008392334,91605,0.03371225467701344,2.42260000705719,2.235100015004476,2.172360007762909,2.4444856076342085,2.298450022935868,2.6406358628983484,1.9562641829733864,69.16917913113953,0.1055926573031147,0.0662606663297773,2.5850000381469727,2.6412973,1,0.03371225467701344,38.23699261161337
2024-09-26,2.640000104904175,2.690000057220459,2.5239999294281006,2.5850000381469727,187374,-0.019719394812836466,2.4453999996185303,2.2473000129063925,2.1833600068092345,2.4700336859092564,2.33120002746582,2.6494475826526207,2.01295247227902,65.04854481298254,0.1110538495404953,0.0752193029719209,2.9019999504089355,2.6380963,1,-0.019719394812836466,37.48298225784945
2024-09-27,2.74399995803833,2.931999921798706,2.720000028610229,2.9019999504089355,224258,0.12263052517755502,2.505099987983704,2.270800010363261,2.1989000058174133,2.54857300672738,2.3694500207901,2.764131731190049,1.9747683103901508,79.46860283599177,0.1393547327611584,0.0880463889297684,2.9230000972747803,2.8423898,-1,0.12263052517755502,42.079540057350506
2024-09-30,2.8989999294281006,2.947999954223633,2.865000009536743,2.9230000972747803,156783,0.007236439429602948,2.5601000070571898,2.297466683387756,2.214800007343292,2.61665065955418,2.409250020980835,2.8578454357215315,1.9606546062401384,78.76769925822227,0.1616149266838973,0.1027600964805942,2.8959999084472656,2.8930304,-1,-0.007236439429602948,41.77503401449994
2024-10-01,2.907000064849853,2.941999912261963,2.825000047683716,2.8959999084472656,161084,-0.009237149479634943,2.617300009727478,2.319500017166137,2.2277000069618227,2.667441432080196,2.4439000129699706,2.930835378900594,1.956964647039347,76.30251669831557,0.1750596227945728,0.1172200017433899,2.885999917984009,2.8709207,-1,0.009237149479634943,42.160916248208714
2024-10-02,2.8980000019073486,3.0,2.869999885559082,2.885999917984009,162673,-0.0034530354901214366,2.677500009536743,2.3424333492914835,2.2416800045967102,2.707179338608161,2.4809500098228456,2.984602101908,1.977297917737692,73.76459323173944,0.1828005151201752,0.130336104418747,2.970000028610229,2.8951209,1,0.0034530354901214366,42.30649938830982
2024-10-03,2.9210000038146973,2.98799991607666,2.900000095367432,2.970000028610229,133170,0.029106068265205565,2.7397000074386595,2.3688666820526123,2.2587400031089784,2.754964918608537,2.5167500138282777,3.0531986824178525,1.9803013452387028,79.0393001279756,0.1934829835720104,0.1429654802493997,2.8540000915527344,2.9163706,-1,0.029106068265205565,43.53787524756784
2024-10-04,2.970999956130981,3.0190000534057617,2.8310000896453857,2.8540000915527344,173745,-0.03905721748823532,2.781700015068054,2.395566685994466,2.2750000071525576,2.7729713136893004,2.5457000136375427,3.0896570782589774,2.001742949016108,70.15926879644593,0.1903939483935395,0.1524511738782276,2.746000051498413,2.8666058,1,0.03905721748823532,45.23834351008775
2024-10-07,2.82699990272522,2.83899998664856,2.7049999237060547,2.746000051498413,216871,-0.037841638608905326,2.7950000286102297,2.41970001856486,2.2898000073432923,2.768067447836412,2.574500012397766,3.0951989318462205,2.053801092949312,66.85304066502783,0.1771886447206774,0.1573986680467176,2.7330000400543213,2.7128026,-1,-0.037841638608905326,43.526450463713495
2024-10-08,2.7330000400543213,2.7809998989105225,2.6989998817443848,2.7330000400543213,162513,-0.004734162855167479,2.8132000207901,2.445600020885468,2.3063200092315674,2.761691555512395,2.599550008773804,3.098627265399857,2.10047275214775,68.32653337674823,0.1637863273151092,0.1586761999003959,2.6600000858306885,2.7008598,-1,0.004734162855167479,43.7325117687161
2024-10-09,2.7090001106262207,2.7239999771118164,2.631999969482422,2.6600000858306885,190644,-0.026710557319341244,2.815500020980835,2.4708000222841897,2.317000012397766,2.7432021973884484,2.6190500140190123,3.0937947100083094,2.144305318029715,62.64181703556824,0.1455960671611111,0.156060173352539,2.674999952316284,2.6332023,-1,0.026710557319341244,44.90063153103316
2024-10-10,2.6470000743865967,2.700000047683716,2.588000059127808,2.674999952316284,188461,0.005639047369019767,2.824500012397766,2.495633355776469,2.329780011177063,2.730801789193509,2.634950006008148,3.093774832133877,2.176125179882419,60.36113346214363,0.1308817949406058,0.1510244976701523,2.631999969482422,2.6832447,1,-0.005639047369019767,44.64743474293076
2024-10-11,2.687000036239624,2.726999998092652,2.615000009536743,2.631999969482422,150928,-0.016074760224436102,2.7975000143051147,2.512133351961772,2.343060009479523,2.712837821973312,2.651300001144409,3.083129973426113,2.219470028862705,50.9250269874987,0.1144317904968752,0.1437059562354969,2.49399995803833,2.58419,-1,-0.016074760224436102,43.92973793480199
2024-10-14,2.624000072479248,2.625,2.4760000705718994,2.49399995803833,139692,-0.052431615898243855,2.75460000038147,2.5243666807810468,2.3536000084877013,2.6730491194396784,2.65735000371933,3.0759508445777546,2.238749162860905,47.41613092744597,0.0892309964671089,0.1328109642818193,2.497999906539917,2.4994342,1,0.052431615898243855,46.23304508071004
2024-10-15,2.4820001125335693,2.549999952316284,2.444999933242798,2.497999906539917,156441,0.001603828616233427,2.714800000190735,2.534200008710225,2.3647200059890747,2.64122198982154,2.6660500049591063,3.0621050258746587,2.269994984043554,43.19294038252048,0.0687889913787618,0.1200065697012078,2.367000102996826,2.4687796,-1,0.001603828616233427,46.30719496142609
2024-10-16,2.48799991607666,2.496999979019165,2.3580000400543213,2.367000102996826,173482,-0.05244187687922863,2.6629000186920164,2.541600012779236,2.371860008239746,2.591363464944319,2.67020001411438,3.050838571197657,2.2895614570311027,40.09091117953483,0.0415391285183139,0.1043130814646291,2.3469998836517334,2.3877237,1,0.05244187687922863,48.73563117821564
2024-10-17,2.377000093460083,2.4170000553131104,2.338000059127808,2.3469998836517334,135847,-0.008449606453236225,2.600600004196167,2.544700010617574,2.3765600061416627,2.5469337228911213,2.670150005817413,3.050967018120736,2.289332993514091,15.442097109078958,0.0181206813890866,0.0870746014495206,2.257999897003174,2.3819199,1,-0.008449606453236225,48.32383427450965
2024-10-18,2.3489999771118164,2.369999885559082,2.247999906539917,2.257999897003174,164160,-0.03792074608460705,2.540999984741211,2.5441333373387653,2.379180002212524,2.4944003000024035,2.6613499999046324,3.0721014748116016,2.250598524997663,11.825478705335144,-0.007533322349527,0.068153016689711,2.312000036239624,2.2936926,1,-0.03792074608460705,46.49135842515134
2024-10-21,2.220000028610229,2.36899995803833,2.2100000381469727,2.312000036239624,154025,0.023915031753597216,2.497599983215332,2.5488666693369546,2.3825600051879885,2.461236615681898,2.6463000059127806,3.085577474222101,2.20702253760346,17.483303398261214,-0.0232390597857099,0.0498746013946268,2.311000108718872,2.3052971,-1,0.023915031753597216,47.6032007381567
2024-10-22,2.364000082015991,2.375,2.2709999084472656,2.311000108718872,198772,-0.0004324945956222237,2.455399990081787,2.551500002543132,2.385000009536743,2.4339208871431657,2.634300005435944,3.097025625970816,2.171574384901072,17.660300970623794,-0.0353590584363892,0.0328278694284236,2.3420000076293945,2.3093915,-1,0.0004324945956222237,47.62378886521027
2024-10-23,2.3010001182556152,2.441999912261963,2.257999897003174,2.3420000076293945,145225,0.013414062073630717,2.4235999822616576,2.5539000034332275,2.388880009651184,2.417207999958844,2.6195500016212465,3.1003666305405466,2.1387333727019464,12.440177878570196,-0.0419789052332459,0.0178665144960897,2.5220000743865967,2.3846498,1,-0.013414062073630717,46.98496040519086
2024-10-24,2.400000095367432,2.5820000171661377,2.372999906539917,2.5220000743865967,139719,0.0768574151028294,2.408299994468689,2.5594000021616616,2.3949400091171267,2.4362611044002533,2.6164000034332275,3.098991872870047,2.133808133996408,31.55555167021513,-0.0323280231221372,0.0078276069724443,2.559999942779541,2.4914596,-1,0.0768574151028294,50.59610301064262
2024-10-25,2.5309998989105225,2.5789999961853027,2.4600000381469727,2.559999942779541,67455,0.01506735419196481,2.401099991798401,2.567899998029073,2.40220000743866,2.4587590750146693,2.599300003051758,3.0631548512621327,2.135445154841383,38.79516992500727,-0.0213670516462234,0.0019886752487107,2.309000015258789,2.4902554,-1,-0.01506735419196481,49.83375360584813
2024-10-28,2.505000114440918,2.5160000324249268,2.2679998874664307,2.309000015258789,89409,-0.09804684887931159,2.3825999975204466,2.5657666683197022,2.405920009613037,2.431530155059055,2.5685999989509583,3.0234357235734484,2.113764274328468,30.149804164066865,-0.0325586830083883,-0.004920796402709,2.345999956130981,2.302118,-1,0.09804684887931159,54.71979611472957
2024-10-29,2.259000062942505,2.3910000324249268,2.200000047683716,2.345999956130981,143883,0.016024227209909814,2.3674000024795534,2.5665000041325885,2.40814001083374,2.415979209799405,2.541100001335144,2.9787718031068624,2.103428199563425,34.78680934822985,-0.0380044538008115,-0.0115375278823295,2.845000028610229,2.4221196,1,-0.016024227209909814,53.8429536689072
2024-10-30,2.9049999713897705,2.9189999103546143,2.7699999809265137,2.845000028610229,162834,0.2127025071655151,2.4151999950408936,2.585200007756551,2.421080012321472,2.493982995037737,2.5390500068664545,2.9702561740279374,2.107843839704972,55.606863436461424,-0.0020317105623326,-0.0096363644183301,2.7070000171661377,2.822776,-1,0.2127025071655151,65.29548490748043
2024-10-31,2.812999963760376,2.8299999237060547,2.687999963760376,2.7070000171661377,185486,-0.0485061546770893,2.451200008392334,2.597166673342387,2.4316800117492674,2.5327133626974456,2.5259000062942505,2.915836556533331,2.13596345605517,52.327748477399005,0.0151666681054636,-0.0046757579135714,2.6630001068115234,2.6800313,-1,0.0485061546770893,68.46271779811822
2024-11-01,2.70199990272522,2.7239999771118164,2.631999969482422,2.6630001068115234,166422,-0.016254122672919702,2.491700029373169,2.604800009727478,2.443880014419556,2.5564018616272777,2.51635000705719,2.8809875804496587,2.1517124336647213,55.570210276738486,0.0249583774253858,0.00125106915422,2.7809998989105225,2.6720228,1,0.016254122672919702,69.57551921173032
2024-11-04,2.559999942779541,2.7950000762939453,2.513999938964844,2.7809998989105225,201168,0.04431084767784066,2.5386000156402586,2.6104000091552733,2.4590600109100342,2.597237868406049,2.5180999994277955,2.8876806529843235,2.1485193458712675,58.6756611841586,0.0417586074312237,0.0093525768096207,2.6700000762939453,2.7314663,-1,0.04431084767784066,72.65846944562799
2024-11-05,2.7890000343322754,2.818000078201294,2.651000022888184,2.6700000762939453,153934,-0.0399136377746947,2.574500012397766,2.6143666744232177,2.473340013027191,2.6104673607493027,2.5149500012397765,2.877831738873839,2.152068263605714,59.40409843271193,0.0455906125269973,0.0166001839530961,2.746999979019165,2.7059867,1,0.0399136377746947,75.5585332763445
2024-11-06,2.678999900817871,2.7960000038146973,2.6600000858306885,2.746999979019165,157298,0.0288389140543015,2.615000009536743,2.6180333375930784,2.490200011730194,2.6352914731620047,2.5192999958992006,2.891469794368817,2.147130197429584,61.99041579761056,0.0542157869644213,0.0241233045553611,2.693000078201294,2.7093363,-1,0.0288389140543015,77.73755932357008
2024-11-07,2.7109999656677246,2.7780001163482666,2.6559998989105225,2.693000078201294,165551,-0.019657772562907794,2.632100009918213,2.6216333389282225,2.505460014343262,2.6457839468055115,2.5202000021934508,2.8940384831273893,2.146361521259512,63.3190569248368,0.0560478741425791,0.0305082184728047,2.6689999103546143,2.705163,1,0.019657772562907794,79.26570658434838
2024-11-08,2.694000005722046,2.747999906539917,2.6429998874664307,2.6689999103546143,158000,-0.00891205612690138,2.64300000667572,2.613866670926412,2.516100010871887,2.650005031087167,2.5220499992370606,2.8985745428922214,2.1455254555819,61.13537273781113,0.0549300045634226,0.0353925756909283,2.9200000762939453,2.7045367,1,-0.00891205612690138,78.55928615833017
2024-11-11,2.7699999809265137,2.9560000896453857,2.7690000534057617,2.9200000762939453,252383,0.09404277795797378,2.704100012779236,2.613766670227051,2.5319600105285645,2.699095039306581,2.543350005149841,2.959324354273132,2.127375656026551,66.43281567021697,0.0734510031211996,0.0430042611769826,2.907000064849853,2.8562222,-1,0.09404277795797378,85.94721966305494
2024-11-12,2.95199990272522,3.013000011444092,2.8550000190734863,2.907000064849853,245266,-0.004452058597406605,2.760200023651123,2.614133342107137,2.5460400104522707,2.736895953041721,2.5638000130653382,3.0095366142717834,2.118063411858893,65.3951006074673,0.0860876705584341,0.0516209430532729,2.9830000400543213,2.956622,1,0.004452058597406605,86.32986172127903
2024-11-13,2.9140000343322754,3.0199999809265137,2.8299999237060547,2.9830000400543213,218400,0.026143781736858607,2.7740000247955323,2.6173666795094808,2.562800011634826,2.7816421506803755,2.5946000099182127,3.067388150023146,2.12181186981328,63.3160053980958,0.1010698134892909,0.0615107171404765,2.7850000858306885,2.88868,-1,0.026143781736858607,88.58685078349333
2024-11-14,2.9809999465942383,2.984999895095825,2.759000062942505,2.7850000858306885,209678,-0.0663761151743153,2.781800031661988,2.6112000147501626,2.5734200143814085,2.782252684344068,2.6165000200271606,3.081510518672264,2.1514895213820577,55.94923839051914,0.0958612987706781,0.0683808334665168,2.822999954223633,2.85623,1,0.0663761151743153,94.46690179402837
2024-11-15,2.765000104904175,2.8429999351501465,2.687999963760376,2.822999954223633,181092,0.013644476560800589,2.7978000164031984,2.6101666768391927,2.5843800115585327,2.789661278867625,2.6447500228881835,3.0861052944326115,2.2033947513437555,65.31585498235304,0.0937194457003105,0.0734485559132755,2.9730000495910645,2.794549,-1,0.013644476560800589,95.75585322132845
2024-11-18,2.924999952316284,2.976999998092652,2.8320000171661377,2.9730000495910645,188338,0.053134997449436394,2.8170000314712524,2.617733343442281,2.600440011024475,2.8229956008173414,2.6778000235557555,3.113195363618229,2.2424046834932825,67.50419362521046,0.1029391473901562,0.0793466742086517,2.997999906539917,2.9283874,-1,-0.053134997449436394,90.66786620464455
2024-11-19,2.950999975204468,3.058000087738037,2.9049999713897705,2.997999906539917,211932,0.008408966206472579,2.849800014495849,2.626566672325134,2.615760006904602,2.854814565494173,2.712150013446808,3.1338859214900348,2.290414105403581,55.80865389210805,0.1109837552810817,0.0856740904231377,3.193000078201294,3.071592,1,-0.008408966206472579,89.90544318171672
2024-11-20,2.961999893188477,3.236999988555908,2.941999912261963,3.193000078201294,225693,0.06504342152779863,2.8944000244140624,2.644333338737488,2.634220008850097,2.916302840531832,2.754700016975403,3.190671114181108,2.318728919769698,67.68559694546494,0.1315773078605651,0.0948547339106232,3.33899998664856,3.156044,-1,0.06504342152779863,95.75320082022867
2024-11-21,3.2160000801086426,3.450999975204468,3.194999933242798,3.33899998664856,192156,0.04572499369605776,2.959000015258789,2.6664666732152305,2.6538600063323976,2.9931568670985094,2.795550012588501,3.289027263606098,2.302072761570904,72.89973122982184,0.1578591174458616,0.1074556106176709,3.128999948501587,3.2383113,-1,-0.04572499369605776,91.37488631634636
2024-11-22,3.390000104904175,3.562999963760376,3.071000099182129,3.128999948501587,95807,-0.06289309343716276,3.0050000190734862,2.683033339182536,2.670340003967285,3.017855609171796,2.8240000128746034,3.3258358029786232,2.322164222770584,61.09694149073663,0.159899174705286,0.1179443234351939,3.36899995803833,3.2185786,1,0.06289309343716276,97.12173557925045
2024-11-25,3.3559999465942383,3.4609999656677246,3.263999938964844,3.36899995803833,108485,0.07670182597851238,3.049900007247925,2.7122000058492026,2.6902600049972536,3.0817000362384386,2.8770000100135804,3.373695608807053,2.380304411220108,70.59516413510252,0.1788205972538596,0.1301195781989271,3.430999994277954,3.3155758,-1,0.07670182597851238,104.57115004038121
2024-11-26,3.3299999237060547,3.5,3.255000114440918,3.430999994277954,222049,0.01840309795543149,3.102300000190735,2.7433000087738035,2.7124000072479246,3.1452091195183502,2.931250011920929,3.420707204509977,2.441792819331881,70.33293549658245,0.1965531038822119,0.143406283335584,3.2039999961853027,3.3056145,-1,-0.01840309795543149,102.64671692287595
2024-11-27,3.4679999351501465,3.470000028610229,3.188999891281128,3.2039999961853027,214291,-0.06616146851391147,3.124399995803833,2.77120000521342,2.730800008773804,3.1558983698214327,2.9492000102996827,3.4515018856696,2.4468981349297656,63.7735807830796,0.1900979100379785,0.152744608676063,3.36299991607666,3.2119315,1,0.06616146851391147,109.43797445262518
2024-11-29,3.194999933242798,3.384000062942505,3.174999952316284,3.36299991607666,163060,0.0496254432211809,3.18219997882843,2.8050666729609173,2.751100006103516,3.193553196413292,2.982000005245209,3.5030337567490424,2.4609662537413755,67.43718598985342,0.1955578183275563,0.1613072506063616,3.213000059127808,3.275791,-1,0.0496254432211809,114.86888244006498
2024-12-02,3.220000028610229,3.2790000438690186,3.1480000019073486,3.213000059127808,208653,-0.04460299158254066,3.221199989318848,2.836900011698405,2.766680006980896,3.197088989634113,3.009500002861023,3.5175379004931857,2.5014621052288604,57.75542692646093,0.1856411445718744,0.1661740293994642,3.0420000553131104,3.1517103,-1,0.04460299158254066,119.99237823663506
2024-12-03,3.2070000171661377,3.2170000076293945,3.0299999713897705,3.0420000553131104,184347,-0.053221288723261595,3.228099989891052,2.861233345667521,2.775260009765625,3.1688910015757488,3.0225500106811523,3.519154227255404,2.525945794106901,53.29750881083155,0.1621150762872263,0.1653622387770166,3.0429999828338623,3.090161,1,0.053221288723261595,126.37852724335781
2024-12-04,3.0480000972747803,3.088000059127808,2.976999998092652,3.0429999828338623,171700,0.00032870726580225273,3.2325999975204467,2.885633341471354,2.78510000705719,3.1460017254408603,3.041200006008148,3.509251982705176,2.57314802931112,51.52129699730365,0.1419152725469241,0.1606728455309981,3.0789999961853027,3.0637581,1,0.00032870726580225273,126.42006878350409
2024-12-05,3.071000099182129,3.1549999713897705,3.0350000858306885,3.0789999961853027,183885,0.011830434950549806,3.221199989318848,2.910200007756551,2.7939400053024293,3.1338195928489405,3.057800006866456,3.505003971643775,2.6105960420891354,58.12154581147884,0.1273437433590882,0.1540070250966161,3.075999975204468,3.0837538,1,0.011830434950549806,127.91567318369137
2024-12-06,3.086999893188477,3.1080000400543213,3.003999948501587,3.075999975204468,188687,-0.0009743491343134902,3.1948999881744387,2.928666671117147,2.80376000404358,3.1233069350954,3.0769500017166136,3.4898669396804523,2.664033063752775,57.12676172875111,0.1142367744486763,0.1460529749670282,3.181999921798706,3.0892787,1,-0.0009743491343134902,127.79103865825971
2024-12-09,3.259999990463257,3.3239998817443848,3.13700008392334,3.181999921798706,258430,0.03446032101713259,3.2001999855041503,2.9494000037511188,2.8093600034713746,3.1339783872232734,3.1026000022888183,3.4700465675276746,2.735153437049962,56.03697017453317,0.111121774324689,0.1390667348385603,3.1630001068115234,3.1965826,1,0.03446032101713259,132.19475887353613
2024-12-10,3.188999891281128,3.193000078201294,3.069000005722046,3.1630001068115234,233880,-0.0059710293696181305,3.1796000003814697,2.977866673469544,2.814160003662109,3.1392550635120458,3.1147500038146974,3.4727219626883232,2.7567780449410715,54.78261542605823,0.1058992473986601,0.1324332373505803,3.378000020980835,3.1949487,1,-0.0059710293696181305,131.40542008579266
2024-12-11,3.193000078201294,3.4040000438690186,3.180999994277954,3.378000020980835,276534,0.06797341350267705,3.1743000030517576,3.012266675631205,2.823800005912781,3.1826632375972803,3.1383000016212463,3.500670013837155,2.7759299894053377,55.3008597554494,0.1177516852974864,0.1294969269399616,3.4549999237060547,3.3363905,-1,0.06797341350267705,140.33749504177723
2024-12-12,3.364000082015991,3.559000015258789,3.282000064849853,3.4549999237060547,328089,0.022794524051797493,3.199399995803833,3.032600005467733,2.8351800060272216,3.2321789987079663,3.161899995803833,3.542695199888493,2.781104791719174,53.46061987999118,0.1318383262014566,0.1299652067922606,3.2799999713897705,3.3287702,-1,-0.022794524051797493,137.13856863567844
2024-12-13,3.4579999446868896,3.489000082015991,3.263999938964844,3.2799999713897705,213643,-0.05065121741842704,3.191100001335144,3.051700003941854,2.8413800048828124,3.240873721013749,3.186649990081788,3.5264383168124063,2.8468616633511683,54.60085575016163,0.1274123269961289,0.1294546308330342,3.21399998664856,3.282,1,0.05065121741842704,144.08480409209608
2024-12-16,3.2100000381469727,3.253000020980835,3.1449999809265137,3.21399998664856,172230,-0.02012194674295853,3.19119999408722,3.0700666666030885,2.848580002784729,3.235987587492805,3.2061999917030333,3.49973708902003,2.9126628943860364,44.71710817464081,0.1172277154228993,0.1270092477510073,3.308000087738037,3.2434971,1,-0.02012194674295853,141.1855373376853
2024-12-17,3.226999998092652,3.3940000534057617,3.0910000801086426,3.308000087738037,229155,0.029247075756057228,3.217799997329712,3.0876333395640057,2.8598200035095216,3.2490807693555745,3.2229499936103823,3.498114604976742,2.947785382244022,45.89726620137646,0.1154109740729723,0.1246895930154003,3.374000072479248,3.3006482,-1,0.029247075756057228,145.31480144386023
2024-12-18,3.368000030517578,3.440999984741211,3.312000036239624,3.374000072479248,193391,0.019951627264417793,3.2509000062942506,3.1111000061035154,2.87264000415802,3.2717933699235147,3.2417500019073486,3.5032411527363294,2.980258851078368,56.35277128768905,0.1179373324924371,0.1233391409108076,3.5840001106262207,3.4754493,1,-0.019951627264417793,142.41553468944946
