Date,Open,High,Low,Close,Volume,Daily_Return,MA_10,MA_30,MA_50,EMA_10,BB_Middle,BB_Upper,BB_Lower,RSI,MACD,Signal_Line,Future_Close
2023-11-23,77.5999984741211,79.75,77.55000305175781,79.58000183105469,3756,0.0,78.39600067138672,80.58766708374023,82.88000030517578,78.67435782039655,78.8610008239746,83.22754358659257,74.49445806135664,49.84755751847017,-1.2175244070619158,-1.6161616445808602,80.38999938964844
2023-11-24,79.58000183105469,80.68000030517578,78.2699966430664,80.38999938964844,376,0.0101784058803284,78.70300064086913,80.39866714477539,82.78000030517578,78.98629265116962,78.66150093078613,82.26411154685755,75.05889031471472,59.70755427965115,-0.9960851501453618,-1.4921463456937605,78.58999633789062
2023-11-27,80.41999816894531,80.41999816894531,80.41999816894531,78.58999633789062,35,-0.0223908827643254,78.81399993896484,80.18000030517578,82.64100021362304,78.91423877602799,78.4455005645752,81.44274595702176,75.44825517212864,58.37963588589725,-0.9548314441527168,-1.384683365385552,78.5999984741211
2023-11-28,78.79000091552734,78.79000091552734,78.79000091552734,78.5999984741211,5,0.0001272698396301,78.80599975585938,80.02566680908203,82.4918002319336,78.85710417568127,78.31450042724609,81.01554602286546,75.61345483162671,66.84831228262985,-0.9108310033007428,-1.28991289296859,78.58999633789062
2023-11-29,78.81999969482422,78.81999969482422,78.81999969482422,78.58999633789062,1,-0.0001272536440793,78.8239990234375,79.83733342488607,82.35620010375976,78.80853911426479,78.27200012207031,80.92479774820305,75.61920249593757,61.02235435301726,-0.8667757741467881,-1.20528546920423,79.4000015258789
2023-11-30,79.7699966430664,79.7699966430664,79.06999969482422,79.4000015258789,9,0.0103067212842935,78.89599914550782,79.67500025431315,82.2468000793457,78.91607773455827,78.25200004577637,80.86197833032402,75.64202176122872,61.0638287511018,-0.7577659838972295,-1.1157815721428297,78.41999816894531
2023-12-01,76.0,79.4800033569336,76.0,78.41999816894531,6,-0.0123426113110864,78.84599914550782,79.54233347574869,82.13440002441406,78.82588144990136,78.19199981689454,80.72355760642624,75.66044202736283,54.59879646778748,-0.7419008492531276,-1.0410054275648897,77.68000030517578
2023-12-04,78.41999816894531,78.41999816894531,78.25,77.68000030517578,35,-0.0094363412528435,78.81699905395507,79.34066670735677,81.95960006713867,78.61753942358762,78.17599983215332,80.71669545088027,75.63530421342638,44.877054306226086,-0.7800473585448913,-0.9888138137608898,78.68000030517578
2023-12-05,78.68000030517578,78.68000030517578,78.68000030517578,78.68000030517578,0,0.0128733264169846,78.9509994506836,79.19900004069011,81.76960006713867,78.62889594751273,78.28599967956544,80.70511220420276,75.86688715492811,51.28692233227898,-0.7212727164396284,-0.9353055942966376,78.75
2023-12-06,78.75,78.75,78.75,78.75,15441,0.000889675833156,78.86799926757813,79.03033345540365,81.57660003662109,78.65091486614676,78.478999710083,80.2990632587261,76.65893616143991,50.34013403690722,-0.6614205543319827,-0.8805285863037067,82.58999633789062
2023-12-07,79.61000061035156,82.75,79.5199966430664,82.58999633789062,35322,0.0487618582589286,79.16899871826172,78.96366678873697,81.45379989624024,79.3671114973729,78.78249969482422,81.16468596257455,76.4003134270739,63.210922601000114,-0.3006657843665437,-0.7645560259162741,81.44000244140625
2023-12-08,82.7300033569336,83.12999725341797,81.12000274658203,81.44000244140625,23492,-0.0139241306147968,79.2739990234375,78.86566696166992,81.34539993286133,79.7440007599244,78.98849983215332,81.54440312017722,76.43259654412942,62.31369185501888,-0.1063341724679816,-0.6329116552266157,82.0
2023-12-11,81.45999908447266,82.5,81.38999938964844,82.0,16661,0.0068761977137299,79.61499938964843,78.83533350626628,81.23619995117187,80.15418243993814,79.21449966430664,81.99798860888289,76.4310107197304,66.61912354500089,0.091803894775893,-0.487968545226114,81.05000305175781
2023-12-12,81.9800033569336,82.36000061035156,80.5999984741211,81.05000305175781,15833,-0.0115853286370998,79.85999984741211,78.82966690063476,81.11440002441407,80.31705891481444,79.33299980163574,82.22052791282225,76.44547169044922,55.7737694975146,0.1702108416766918,-0.3563326678455528,81.18000030517578
2023-12-13,81.05000305175781,81.70999908447266,80.77999877929688,81.18000030517578,12002,0.0016039142322419,80.11900024414062,78.88766682942709,81.00360000610351,80.47395734942558,79.47149963378907,82.43728641082886,76.50571285674927,56.22083727607922,0.2400712124080968,-0.2370518917948229,80.80999755859375
2023-12-14,81.18000030517578,82.27999877929688,80.69999694824219,80.80999755859375,15886,-0.004557806666557,80.2599998474121,78.92133331298828,80.8947999572754,80.53505556927433,79.57799949645997,82.57690260558562,76.57909638733432,51.69081413391616,0.2625533782120897,-0.1371308377934404,79.93000030517578
2023-12-15,80.80999755859375,81.5,79.83000183105469,79.93000030517578,15218,-0.0108897077094934,80.41100006103515,78.93166656494141,80.75639999389648,80.42504552125641,79.62849960327148,82.61473743818587,76.64226176835709,55.82610807077694,0.2069763382905733,-0.0683094025766376,79.0999984741211
2023-12-18,80.0,80.12000274658203,79.05000305175781,79.0999984741211,17264,-0.0103841089438972,80.5529998779297,78.96833318074545,80.605,80.1841278763227,79.68499946594238,82.58049614365623,76.78950278822853,52.02922208612056,0.0948633964070637,-0.0356748427798973,79.45999908447266
2023-12-19,79.18000030517578,79.87000274658203,78.86000061035156,79.45999908447266,14595,0.0045512088153749,80.63099975585938,79.0676663716634,80.48520004272461,80.05246809598634,79.79099960327149,82.4723344915377,77.10966471500528,53.43332042698145,0.0346625544875536,-0.0216073633264071,79.20999908447266
2023-12-20,79.45999908447266,80.58999633789062,79.01000213623047,79.20999908447266,14506,-0.0031462371366783,80.67699966430663,79.21166636149088,80.3683999633789,79.89929191207476,79.77249946594239,82.46504633933587,77.0799525925489,49.2155133309813,-0.0328413821102202,-0.0238541670831697,79.12999725341797
2023-12-21,79.5,79.8499984741211,78.30999755859375,79.12999725341797,17454,-0.0010099966163282,80.33099975585938,79.29866638183594,80.25259994506835,79.75942015595534,79.74999923706055,82.45680235079246,77.04319612332864,53.16681582914487,-0.0917367334078704,-0.0374306803481099,79.76000213623047
2023-12-22,79.26000213623047,80.88999938964844,79.25,79.76000213623047,15234,0.0079616441890535,80.16299972534179,79.37999979654948,80.1266000366211,79.75952597055081,79.71849937438965,82.40855414761916,77.02844460116015,59.36938534522695,-0.0865775822810093,-0.0472600607346898,80.05000305175781
2023-12-26,79.76000213623047,80.5,79.62000274658203,80.05000305175781,6761,0.0036359191043151,79.96800003051757,79.46566645304362,80.02460006713868,79.81233998531572,79.791499710083,82.4313828553686,77.15161656479741,56.5928962129829,-0.0584148970280864,-0.0494910279933691,80.52999877929688
2023-12-27,80.0,80.76000213623047,79.51000213623047,80.52999877929688,13598,0.0059961987412882,79.91599960327149,79.52733306884765,79.97059997558594,79.94282340240319,79.8879997253418,82.48525049732342,77.29074895336018,58.2407444036915,0.002605839164957,-0.0390716545617038,80.94999694824219
2023-12-28,80.4800033569336,81.30000305175781,80.19000244140625,80.94999694824219,13252,0.0052154250007674,79.89299926757812,79.61199951171875,79.90479995727539,80.12594586528301,80.00599975585938,82.56916700436989,77.44283250734887,38.88887740228055,0.0838885395264839,-0.0144796157440663,81.0
2023-12-29,80.80999755859375,81.75,80.44000244140625,81.0,14269,0.0006177029480283,79.91199951171875,79.68933283487955,79.83940002441406,80.28486479886793,80.08599967956543,82.66932589153886,77.502673467592,46.49679516772522,0.1506044195564868,0.0185371913160443,79.94000244140625
2024-01-02,80.87000274658203,81.75,79.69000244140625,79.94000244140625,18900,-0.0130863896122684,79.91299972534179,79.72333297729492,79.7902000427246,80.22216255205672,80.16199989318848,82.62561775140236,77.6983820349746,34.80827485630179,0.1166001964493688,0.0381497923427092,80.93000030517578
2024-01-03,80.25,81.44999694824219,80.11000061035156,80.93000030517578,18949,0.0123842611150177,80.09599990844727,79.821999613444,79.73419998168946,80.35086032535108,80.32449989318847,82.5120767403988,78.13692304597815,49.12021442850575,0.1676041225043292,0.0640406583750332,80.12000274658203
2024-01-04,80.80999755859375,81.25,80.08000183105469,80.12000274658203,15899,-0.0100086192455128,80.1620002746582,79.91466649373372,79.67800003051758,80.30888622012034,80.3965000152588,82.44665271987034,78.34634731064725,42.933349609375,0.1410392550811678,0.0794403777162601,80.19000244140625
2024-01-05,80.12000274658203,80.56999969482422,79.58999633789062,80.19000244140625,15706,0.0008736856268667,80.26000061035157,79.93499984741212,79.60560012817383,80.28727098762687,80.4685001373291,82.37101081254752,78.56598946211068,45.694476527945845,0.124203061045236,0.0883929143820553,80.41999816894531
2024-01-08,80.01000213623047,80.80999755859375,79.5999984741211,80.41999816894531,16715,0.0028681346868284,80.3890007019043,79.9629997253418,79.52220016479492,80.31140320241204,80.36000022888183,81.97955243070538,78.74044802705828,53.740444322270505,0.1279441287575764,0.0963031572571595,80.7300033569336
2024-01-09,80.45999908447266,81.2300033569336,80.30000305175781,80.7300033569336,15329,0.0038548270958302,80.4860008239746,79.97433319091797,79.44920028686523,80.38751232141594,80.3245002746582,81.87398588976528,78.77501465955113,63.51579778431204,0.1541468705511164,0.1078718999159509,80.18000030517578
2024-01-10,80.72000122070312,81.0999984741211,79.91999816894531,80.18000030517578,18115,-0.0068128704185241,80.4990005493164,80.0273333231608,79.39460021972656,80.34978286391772,80.23350028991699,81.56745072743746,78.89954985239652,55.78779002732844,0.1290445373938524,0.1121064274115312,81.36000061035156
2024-01-11,80.02999877929688,81.94999694824219,80.0199966430664,81.36000061035156,24270,0.0147168907543595,80.58200073242188,80.1193333943685,79.39740020751952,80.53345881781478,80.24900016784667,81.62929641323397,78.86870392245937,65.03497249683886,0.2020379527132263,0.1300927324718702,81.30999755859375
2024-01-12,81.36000061035156,82.22000122070312,81.05999755859375,81.30999755859375,21837,-0.0006145901104067,80.61800079345703,80.21000010172526,79.43480010986327,80.67464767977458,80.25550003051758,81.65534163336633,78.85565842766883,65.30898500160195,0.252935251723926,0.1546612363222814,81.33000183105469
2024-01-16,81.30999755859375,81.5199966430664,80.68000030517578,81.33000183105469,15884,0.0002460247578599,80.6510009765625,80.27433344523112,79.46540008544922,80.79380298000733,80.28150024414063,81.7426792796502,78.82032120863106,62.05836543498668,0.2915253823505566,0.1820340655279364,81.69999694824219
2024-01-17,81.30999755859375,82.44999694824219,81.01000213623047,81.69999694824219,21917,0.0045493066378639,80.82700042724609,80.38366673787435,79.50699996948242,80.9585655196864,80.37000007629395,81.9510321251213,78.7889680274666,62.51892878147272,0.3479528686017801,0.2152178261427051,82.51000213623047
2024-01-18,81.87000274658203,82.5999984741211,81.6500015258789,82.51000213623047,18093,0.0099143845562372,80.98500061035156,80.5446667989095,79.59720001220703,81.24064490451259,80.54050025939941,82.27307939014922,78.8079211286496,64.30637064934692,0.4528129612181573,0.2627368531577956,83.94999694824219
2024-01-19,82.5,84.72000122070312,82.30999755859375,83.94999694824219,45229,0.0174523666795471,81.36800003051758,80.72033335367838,79.7465998840332,81.73325436700888,80.76500015258789,82.99908423204273,78.53091607313304,68.89168184858059,0.6446794237849929,0.339125367283235,84.83000183105469
2024-01-22,83.88999938964844,84.98999786376953,83.54000091552734,84.83000183105469,33550,0.0104824885622694,81.83199996948242,80.92300008138021,79.94539993286133,82.29629936047175,81.04600028991699,83.80795475550329,78.28404582433069,71.8358036784625,0.8578551965185994,0.4428713331303079,84.5999984741211
2024-01-23,84.81999969482422,84.83000183105469,84.02999877929688,84.5999984741211,26242,-0.0027113444768239,82.25,80.9900001525879,80.10699996948242,82.71515374477163,81.31950035095215,84.35260381707894,78.28639688482536,79.34502595816522,0.9967492783463,0.5536469221735064,85.4000015258789
2024-01-24,84.5,85.48999786376953,84.29000091552734,85.4000015258789,24638,0.0094563010187587,82.71699981689453,81.12200012207032,80.26860000610351,83.20330788679112,81.60150032043457,85.04507953316596,78.15792110770317,78.83866077317609,1.1580283690541364,0.6745232115496325,85.76000213623047
2024-01-25,85.30000305175781,85.83000183105469,85.08000183105469,85.76000213623047,22811,0.0042154637461273,83.275,81.24733352661133,80.43419998168946,83.66816138668918,81.8870002746582,85.71439236803819,78.05960818127822,88.63003591032034,1.299907723921038,0.7996001140239135,84.37000274658203
2024-01-26,85.68000030517578,85.86000061035156,84.16000366210938,84.37000274658203,23260,-0.0162080148673552,83.57600021362305,81.35800018310547,80.54800003051758,83.7957689066697,82.07900047302246,86.00379306739372,78.1542078786512,74.24589080075728,1.285369857204671,0.896754062660065,84.26000213623047
2024-01-29,84.45999908447266,85.20999908447266,83.86000061035156,84.26000213623047,21851,-0.0013037881565793,83.87100067138672,81.46066691080729,80.665,83.88017494840801,82.24450073242187,86.24721817503567,78.24178328980807,72.58819780722816,1.2505567236842694,0.967514594864906,84.77999877929688
2024-01-30,84.5,84.93000030517578,83.6500015258789,84.77999877929688,21341,0.0061713343209472,84.21600036621093,81.59300028483072,80.78699996948242,84.04377928129689,82.43350067138672,86.54430406654483,78.32269727622862,73.24907435713041,1.250511331641576,1.02411394222024,85.16999816894531
2024-01-31,84.68000030517578,85.37000274658203,84.5,85.16999816894531,20541,0.0046001344098116,84.56300048828125,81.76766688028971,80.91199996948242,84.24854635177842,82.69500045776367,86.80332548450811,78.58667543101923,79.18123760224937,1.267335989111217,1.0727583515984356,86.48999786376953
2024-02-01,85.0999984741211,86.9000015258789,84.80000305175781,86.48999786376953,35547,0.0154984116848968,84.96100006103515,82.014000193278,81.08239990234375,84.65608299032225,82.97300033569336,87.32375804649334,78.62224262489337,79.5166358359884,1.3713742463841072,1.13248153055557,87.11000061035156
2024-02-02,86.41999816894531,87.31999969482422,85.80000305175781,87.11000061035156,28330,0.0071684907144824,85.2770004272461,82.26900024414063,81.27779998779297,85.10224983032757,83.32250022888184,87.82852806649007,78.8164723912736,81.31747805109546,1.4867164135317097,1.203328507150798,87.04000091552734
2024-02-05,86.93000030517578,87.44999694824219,86.51000213623047,87.04000091552734,27689,-0.0008035781693692,85.49800033569336,82.53000030517578,81.42699996948242,85.45456820945479,83.6650001525879,88.2096675345474,79.12033277062838,80.66592858530126,1.5545575498746729,1.273574315695573,87.54000091552734
2024-02-06,87.0,87.83000183105469,86.94999694824219,87.54000091552734,18566,0.0057444852336945,85.79200057983398,82.81033376057943,81.58619995117188,85.83373779237706,84.021000289917,88.61063113720837,79.43136944262562,80.9321914038475,1.629879721654774,1.3448353968874134,88.47000122070312
2024-02-07,87.58999633789062,88.68000030517578,87.20999908447266,88.47000122070312,29945,0.0106237182482233,86.0990005493164,83.10066706339518,81.74779998779297,86.31305841570907,84.40800018310547,89.13251517054594,79.683485195665,81.17152641277396,1.7445067498537412,1.4247696674806791,89.0999984741211
2024-02-08,88.47000122070312,89.27999877929688,88.13999938964844,89.0999984741211,29499,0.0071210268421533,86.43300018310546,83.40233357747395,81.95800003051758,86.81977478996579,84.85400009155273,89.58209073754747,80.125909445558,79.42855448821629,1.86469002293353,1.5127537385712495,91.77999877929688
2024-02-09,89.43000030517578,92.0,88.55999755859375,91.77999877929688,39786,0.0300785673520991,87.17399978637695,83.77733357747395,82.2216000366211,87.72163369711689,85.375,90.73603098589078,80.01396901410922,82.93836463433155,2.1513898763526957,1.6404809661275388,90.52999877929688
2024-02-12,91.5199966430664,91.6500015258789,89.4000015258789,90.52999877929688,28352,-0.0136195251321137,87.80099945068359,84.09666697184245,82.46040008544922,88.2322455302405,85.83600006103515,91.3097161910304,80.36228393103991,75.62662256520429,2.2517799053694034,1.7627407539759117,91.5199966430664
2024-02-13,90.25,92.5,90.0999984741211,91.5199966430664,17961,0.0109355780086006,88.47499923706054,84.44733352661133,82.70279998779297,88.8300184598452,86.34549980163574,91.94868398421244,80.74231561905903,76.0203995572873,2.3837459411063264,1.8869417914019948,93.4800033569336
2024-02-14,91.5199966430664,94.48999786376952,90.91000366210938,93.4800033569336,15177,0.0214161580611866,89.30599975585938,84.89866689046224,83.00400009155274,89.67547025931582,86.93450012207032,92.94346646358024,80.92553378056039,78.89221881742105,2.6163267503698933,2.0328187831955744,94.62999725341795
2024-02-15,93.4800033569336,95.1999969482422,93.0999984741211,94.62999725341795,9358,0.0123020309711945,90.1199996948242,85.35533345540365,83.34300003051757,90.57629334915256,87.54049987792968,94.09089147624356,80.9901082796158,89.10060337368229,2.8604698975139518,2.19834900605925,93.87000274658205
2024-02-16,94.62999725341795,95.93000030517578,92.95999908447266,93.87000274658205,5945,-0.0080312219052554,90.79599990844729,85.81366678873698,83.64680007934571,91.17514960323064,88.03650016784668,94.93519283511444,81.13780750057892,84.89472867701666,2.958525851027204,2.350384375052841,91.19000244140624
2024-02-20,93.5500030517578,93.72000122070312,90.5,91.19000244140624,10965,-0.0285501249255412,91.21100006103516,86.18033345540364,83.89560012817383,91.17785011926256,88.35450019836426,95.21709564224126,81.49190475448727,70.11929255891827,2.787845723583075,2.437876644758888,92.5999984741211
2024-02-21,91.0999984741211,93.93000030517578,90.88999938964844,92.5999984741211,4175,0.0154621778151704,91.71699981689451,86.58633346557617,84.09580017089844,91.43642254741866,88.75450019836425,95.62825270891034,81.88074768781817,71.91741884142057,2.7348299713737987,2.4972673100818703,94.1999969482422
2024-02-22,92.5999984741211,94.5500030517578,92.12999725341795,94.1999969482422,2582,0.0172786015171291,92.28999938964844,87.03533325195312,84.35100006103515,91.93889062029568,89.19449996948242,96.28725427117244,82.1017456677924,72.3737794842207,2.78976246576795,2.5557663412190865,94.93000030517578
2024-02-23,93.87999725341795,95.41999816894533,93.51000213623048,94.93000030517578,222,0.0077495051017324,92.87299957275393,87.5269999186198,84.60960006713867,92.48272874481933,89.65299987792969,96.99222072339415,82.31377903246522,72.54903341140195,2.8592424660228346,2.6164615661798365,96.58000183105467
2024-02-26,94.77999877929688,96.12999725341795,94.77999877929688,96.58000183105467,8,0.0173812442913152,93.35299987792968,88.03433329264323,84.92020004272462,93.2276874877712,90.26349983215331,97.78153241247928,82.74546725182736,75.21143151627032,3.01271845727814,2.6957129443994976,100.75
2024-02-27,96.75,99.0,96.70999908447266,100.75,33,0.0431766213490016,94.375,88.68233337402344,85.31160003662109,94.5953806718128,91.0879997253418,99.40795121346504,82.76804823721858,79.23861373933396,3.431279632482017,2.8428262820160013,103.06999969482422
2024-02-28,103.79000091552734,107.25,103.79000091552734,103.06999969482422,10,0.0230272922563197,95.53000030517578,89.40699996948243,85.75680007934571,96.1362204941785,92.00249977111817,101.35921766499196,82.64578187724436,80.44204695675137,3.905180476089484,3.0552971208306983,101.55999755859376
2024-02-29,101.55999755859376,101.55999755859376,101.55999755859376,101.55999755859376,0,-0.0146502584719254,96.3379997253418,90.06899998982747,86.18940002441406,97.12236177861764,92.8219997406006,102.52370754582827,83.1202919353729,75.06034312643843,4.1115108187483,3.266539860414219,97.55999755859376
2024-03-01,97.55999755859376,97.55999755859376,97.55999755859376,97.55999755859376,0,-0.0393855858227275,96.6309997558594,90.57066650390624,86.55860000610352,97.20193192043148,93.3754997253418,102.81574971086454,83.93524973981908,61.03896179589823,3.907222502384116,3.3946763888081986,98.44000244140624
2024-03-04,99.0,99.0,99.0,98.44000244140624,3,0.0090201404759562,97.0879997253418,91.05366668701171,86.93820007324219,97.42703565151778,93.94199981689454,103.15624828583496,84.72775134795413,65.32352656010934,3.772840621213362,3.4703092352892315,98.0999984741211
2024-03-05,98.0999984741211,98.0999984741211,98.0999984741211,98.0999984741211,0,-0.0034539207522624,97.77899932861328,91.49599990844726,87.31600006103515,97.54939252835474,94.49499969482422,103.28280784288968,85.70719154675875,63.07631334124982,3.597437513262392,3.495734890883864,99.13999938964844
2024-03-06,99.13999938964844,99.13999938964844,99.13999938964844,99.13999938964844,22019,0.0106014366126794,98.432999420166,91.98066660563153,87.71620010375976,97.83859377586268,95.07499961853028,103.45162729243266,86.69837194462788,61.67491033729546,3.501980022935328,3.4969839172941564,99.27999877929688
2024-03-07,94.86000061035156,99.27999877929688,94.86000061035156,99.27999877929688,27154,0.0014121382944354,98.94099960327148,92.44333318074544,88.10660003662109,98.1006674128507,95.61549949645996,103.582678154258,87.64832083866192,60.008611394563175,3.398450829141794,3.477277299663684,95.27999877929688
2024-03-08,99.1999969482422,101.5,95.27999877929688,95.27999877929688,30104,-0.0402900891335842,98.9759994506836,92.760666402181,88.41119995117188,97.58781857038636,95.92449951171876,103.2838742256546,88.56512479778289,52.663384135418646,2.9595211094557783,3.373726061622103,95.05999755859376
2024-03-11,94.86000061035156,97.52999877929688,94.5500030517578,95.05999755859376,23698,-0.002308996888347,98.82399902343752,93.11699956258138,88.70179992675781,97.12821475006044,96.0884994506836,103.20104492088312,88.97595398048408,58.0591285779654,2.564353612215996,3.211851571740881,95.2300033569336
2024-03-12,95.05999755859376,95.7699966430664,94.0500030517578,95.2300033569336,20011,0.001788405246224,98.27199935913087,93.48266626993816,88.98740005493164,96.78308540585554,96.32349967956544,102.95722568250002,89.68977367663084,55.7751484999893,2.2390877608305715,3.01729880955882,94.9000015258789
2024-03-13,95.2300033569336,96.2300033569336,94.5199966430664,94.9000015258789,13685,-0.0034653136555902,97.45499954223634,93.81999969482422,89.26540008544922,96.44070651858706,96.49249992370603,102.77382575024686,90.21117409716524,51.62791588938594,1.93240824104754,2.800320695856564,93.4800033569336
2024-03-14,95.0500030517578,95.54000091552734,93.1999969482422,93.4800033569336,22296,-0.0149630995375493,96.64700012207032,94.09699986775716,89.53620010375977,95.90239685283188,96.49249992370603,102.77382575024686,90.21117409716524,46.732771988213806,1.5568343104635147,2.5516234187779543,93.94000244140624
2024-03-15,93.62999725341795,94.5500030517578,93.26000213623048,93.94000244140624,14917,0.0049208287115292,96.28500061035156,94.34533335367838,89.79640014648437,95.54559786893633,96.45800018310548,102.78977518524786,90.12622518096308,43.71429173475591,1.2815346130639966,2.297605657635163,94.56999969482422
2024-03-18,93.87999725341795,96.1999969482422,93.8000030517578,94.56999969482422,16245,0.0067063789338406,95.89800033569335,94.59399998982748,90.08540008544922,95.36821638273412,96.49300003051758,102.77206038672507,90.21393967431008,32.30241916278598,1.1014957750542749,2.0583836811189857,93.33999633789062
2024-03-19,94.56999969482422,94.6500015258789,92.19000244140624,93.33999633789062,24585,-0.0130062743037199,95.42200012207032,94.8039998372396,90.34839996337892,94.99944910185349,96.6004997253418,102.56292364454058,90.638075806143,20.281024267226897,0.8497671210741089,1.8166603691100105,92.18000030517578
2024-03-20,93.41999816894533,93.47000122070312,91.80999755859376,92.18000030517578,16312,-0.0124276417208724,94.72600021362304,94.9586664835612,90.58360000610352,94.48682204791209,96.57949981689453,102.60388631376895,90.5551133200201,20.72412520389072,0.5503245648209543,1.5633932082521993,92.20999908447266
2024-03-21,92.5,93.5,91.83999633789062,92.20999908447266,16106,0.0003254369624383,94.01900024414064,95.08333307902018,90.8131999206543,94.07285423637764,96.47999992370606,102.73132152421172,90.2286783232004,27.80085588434716,0.3118401334574372,1.313082593293247,91.52999877929688
2024-03-22,92.22000122070312,92.8499984741211,91.41999816894533,91.52999877929688,15275,-0.0073744746982682,93.64400024414064,95.16433308919272,91.04019989013672,93.61051688054476,96.30999984741212,102.91378449307538,89.70621520174885,20.84388142188658,0.0671945844440102,1.0639049915233998,92.0199966430664
2024-03-25,91.69000244140624,92.30999755859376,90.9800033569336,92.0199966430664,16372,0.0053534127641696,93.34000015258788,95.17233301798504,91.253399810791,93.32133138282144,96.08199958801268,102.95588471294778,89.2081144630776,24.666659037272083,-0.0861568803164516,0.8338926171554296,93.41000366210938
2024-03-26,92.02999877929688,94.2699966430664,92.02999877929688,93.41000366210938,18482,0.015105488695404,93.15800018310549,95.26833318074544,91.49539993286132,93.33745361541924,95.71499977111816,102.3179411642604,89.11205837797593,26.80164819551004,-0.0944384437200369,0.6482264049803363,90.7699966430664
2024-03-27,93.41000366210938,93.41000366210938,90.55999755859376,90.7699966430664,21775,-0.0282625726960961,92.74499969482422,95.24333318074544,91.68419982910156,92.8706432568096,95.09999961853028,101.08044133344528,89.11955790361527,21.346820651852752,-0.3104494770371531,0.4564912285768385,91.37999725341795
2024-03-28,90.9800033569336,91.97000122070312,90.51000213623048,91.37999725341795,20169,0.0067202890041986,92.53499908447264,95.17333297729492,91.87779983520508,92.5996167107384,94.59099960327148,99.95780240825998,89.22419679828299,32.98430783303485,-0.4274899874765197,0.2796949853661669,92.76000213623048
2024-04-01,91.56999969482422,92.87999725341795,91.54000091552734,92.76000213623048,12909,0.015101826704869,92.41699905395508,95.110999806722,92.08279983520508,92.62877769719152,94.35099983215332,99.58646238577182,89.11553727853482,40.88751132770017,-0.404230852724865,0.1429098177479605,90.80999755859376
2024-04-02,92.76000213623048,92.9000015258789,90.6999969482422,90.80999755859376,22771,-0.0210220411031564,92.04099884033204,95.00899963378906,92.21999984741213,92.29809039926464,93.9694995880127,99.06037335752808,88.87862581849731,34.65277553340803,-0.5369571852212118,0.006936417154126,88.9800033569336
2024-04-03,90.80999755859376,91.1500015258789,88.86000061035156,88.9800033569336,29024,-0.0201519023329935,91.60499954223631,94.93533299763996,92.3029998779297,91.69480184611352,93.51349983215331,98.67980902673008,88.34719063757655,31.383664276124463,-0.7808083257969827,-0.1506125314360957,87.13999938964844
2024-04-04,88.9000015258789,89.25,87.0999984741211,87.13999938964844,30417,-0.0206788480317783,91.1009994506836,94.75333302815756,92.35379989624025,90.86665594493806,92.91349983215332,98.1156264502621,87.71137321404454,30.575986035228908,-1.1097426318913932,-0.3424385515271552,86.25
2024-04-05,87.19999694824219,87.5999984741211,86.16999816894531,86.25,34886,-0.0102134426885727,90.50499954223632,94.48833312988282,92.37079986572266,90.02726395494932,92.26199989318847,97.36980515214324,87.15419463423372,27.04478974318808,-1.42580515769923,-0.5591118727615703,86.6500015258789
2024-04-08,86.33000183105469,88.23999786376953,86.12000274658203,86.6500015258789,31716,0.0046376988507699,90.01699981689453,94.21233317057292,92.38859985351564,89.41321624057288,91.83050003051758,97.30942270496284,86.35157735607234,26.029089572311094,-1.6252750472768724,-0.7723445076646307,86.04000091552734
2024-04-09,86.79000091552734,87.2300033569336,85.95999908447266,86.04000091552734,32185,-0.0070398222690092,89.41900024414062,93.860999806722,92.42199981689453,88.79990436329186,91.37950019836424,97.21262752947328,85.54637286725523,27.04406378550968,-1.8116942396831064,-0.980214454068326,85.30999755859375
2024-04-10,86.11000061035156,86.69000244140625,85.25,85.30999755859375,36691,-0.0084844647741263,88.60899963378907,93.34633305867511,92.4429997253418,88.16537585334675,90.88349990844726,97.01731799744756,84.74968181944696,27.79575940468133,-1.995336960330178,-1.1832389553206963,83.37000274658203
2024-04-11,85.33999633789062,85.4800033569336,83.1500015258789,83.37000274658203,28458,-0.0227405329683577,87.86900024414062,92.68966649373372,92.4147998046875,87.29348983393498,90.30699996948242,96.99376618380062,83.62023375516422,24.568509513027507,-2.2712351229311736,-1.400838188842792,82.62000274658203
2024-04-12,83.36000061035156,83.97000122070312,81.69999694824219,82.62000274658203,21652,-0.0089960414452636,86.99300079345704,92.05833333333334,92.36379989624024,86.44376490896171,89.76399993896484,97.09828850373502,82.42971137419467,24.469954429175505,-2.5213406905196365,-1.624938689178161,82.93000030517578
2024-04-15,82.5999984741211,84.2699966430664,82.5999984741211,82.93000030517578,15084,0.0037520884566488,86.01000061035157,91.5706667582194,92.29259994506836,85.80489861736427,89.21349983215332,96.87357463336852,81.5534250309381,23.68272710565753,-2.663829968821972,-1.8327169451069236,81.29000091552734
2024-04-16,83.06999969482422,83.4000015258789,79.5,81.29000091552734,15199,-0.0197757070253632,85.05800094604493,90.9990000406901,92.17619995117188,84.98400812612118,88.54949989318848,96.54932053900808,80.54967924736889,15.410974563041153,-2.875935993232261,-2.041360754731991,79.55999755859375
2024-04-17,81.2699966430664,81.94000244140625,79.02999877929688,79.55999755859375,7256,-0.021281871539543,84.11600036621094,90.38100001017251,92.0265998840332,83.99782438657074,87.86049995422363,96.4732719507438,79.24772795770345,16.255287406636484,-3.147347693329252,-2.262558142451444,78.0999984741211
2024-04-18,79.6500015258789,79.93000030517578,77.41000366210938,78.0999984741211,8597,-0.0183509191713764,83.21200027465821,89.67966664632162,91.83779983520508,82.92549240248898,87.1564998626709,96.5491199246612,77.7638798006806,11.97023575956156,-3.440592140960561,-2.498164942153267,78.69000244140625
2024-04-19,78.2699966430664,79.7699966430664,77.86000061035156,78.69000244140625,4183,0.007554468358673,82.45600051879883,88.99333343505859,91.64219985961914,82.15540331865574,86.48050003051758,96.2790545853099,76.68194547572526,7.798455906279756,-3.5840671935268915,-2.715345392427992,80.04000091552734
2024-04-22,78.80000305175781,80.36000061035156,78.77999877929688,80.04000091552734,2821,0.017155908403057,81.79500045776368,88.48533350626627,91.46099990844726,81.77078469990512,85.9060001373291,95.8048254548386,76.0071748198196,16.490364506555707,-3.547940166194266,-2.8818643471812466,80.22000122070312
2024-04-23,80.0,80.80999755859375,78.12999725341797,80.22000122070312,1221,0.0022488793492863,81.21300048828125,87.99066696166992,91.2297999572754,81.48882406732292,85.31600036621094,95.08625235321624,75.54574837920563,19.625524917476127,-3.4648441498803777,-2.9984603077210727,79.51000213623047
2024-04-24,79.51000213623047,79.51000213623047,79.51000213623047,79.51000213623047,0,-0.0088506491357347,80.63300094604492,87.46666692097982,91.00940002441406,81.12903826166973,84.62100028991699,93.93381983523156,75.30818074460244,21.294218480814862,-3.416893133582363,-3.0821468728933312,79.58000183105469
2024-04-25,79.58000183105469,79.58000183105469,79.58000183105469,79.58000183105469,0,0.000880388541611,80.25400085449219,86.95600026448568,90.77060012817384,80.84739527428518,84.0615005493164,93.160969562901,74.96203153573182,23.25582391334673,-3.3348016991910043,-3.1326778381528664,79.4000015258789
2024-04-26,80.06999969482422,80.06999969482422,80.06999969482422,79.4000015258789,1,-0.0022618786257119,79.93200073242187,86.48666687011719,90.48900009155274,80.58423277457494,83.46250076293947,92.09895668590876,74.82604483997018,20.408163265306115,-3.246840608850661,-3.155510392292425,80.0199966430664
2024-04-29,80.18000030517578,80.18000030517578,80.18000030517578,80.0199966430664,2,0.007808502585298,79.64100036621093,86.0226666768392,90.1968000793457,80.48164438702793,82.82550048828125,90.38699125817736,75.26400971838514,25.44858495203934,-3.091465892154801,-3.1427014922649006,77.91999816894531
2024-04-30,79.30000305175781,79.30000305175781,79.30000305175781,77.91999816894531,9,-0.0262434211724383,79.30400009155274,85.46766662597656,89.87779998779297,80.01589052919472,82.18100051879883,89.0418863443164,75.32011469328125,22.890663920157166,-3.1020244295206254,-3.1345660797160457,75.80999755859375
2024-05-01,75.80999755859375,75.80999755859375,75.80999755859375,75.80999755859375,0,-0.0270790639108676,78.92900009155274,84.88333333333334,89.57019989013672,79.25118271635817,81.52250022888184,88.16021732955669,74.88478312820699,22.60866776905925,-3.243265219114264,-3.1563059075956894,74.91999816894531
2024-05-02,74.91999816894531,74.91999816894531,74.91999816894531,74.91999816894531,0,-0.0117398683328087,78.61100006103516,84.30799992879231,89.2165998840332,78.46369461682855,80.91150016784668,87.62130343744472,74.20169689824864,22.38160888337694,-3.3879607723107057,-3.2026368805386927,77.36000061035156
2024-05-03,77.36000061035156,77.36000061035156,77.36000061035156,77.36000061035156,0,0.0325681059935962,78.47799987792969,83.81299997965495,88.8797999572754,78.26302297928727,80.46700019836426,86.85801195906889,74.07598843765963,32.66957124890864,-3.2680729252463294,-3.2157240894802204,76.55999755859375
2024-05-06,76.55999755859375,76.55999755859375,76.55999755859375,76.55999755859375,1,-0.0103413010011115,78.12999954223633,83.31399993896484,88.51239990234374,77.95338199370663,79.9625,85.87339367193002,74.05160632807,34.471430353361626,-3.2007186113019657,-3.2127229938445696,77.0
2024-05-07,77.0,77.0,77.0,77.0,0,0.0057471585088479,77.80799942016601,82.81333338419596,88.12079986572266,77.78003981303269,79.51049995422363,84.81616647911105,74.20483342933622,40.81780089582431,-3.076372801788338,-3.185452955433324,80.05999755859375
2024-05-08,80.05999755859375,80.05999755859375,80.05999755859375,80.05999755859375,28975,0.0397402280336851,77.86299896240234,82.36833318074544,87.70699981689454,78.19457758495288,79.24799995422363,83.8133756452805,74.68262426316676,56.30630298906306,-2.699790122403656,-3.0883203888273902,78.5999984741211
2024-05-09,80.2300033569336,80.2300033569336,77.77999877929688,78.5999984741211,25699,-0.0182363118785273,77.76499862670899,81.96266657511393,87.21759979248047,78.26829047389255,79.00949974060059,83.14646949514018,74.872529986061,49.72576481095509,-2.490447037061287,-2.9687457184741697,77.30999755859375
2024-05-10,78.37999725341797,78.58000183105469,76.6500015258789,77.30999755859375,16775,-0.0164122257070027,77.55599822998047,81.49366658528646,86.73259979248047,78.09405539838367,78.74399948120117,82.57563324070232,74.91236572170003,41.651365101792926,-2.4009566923814134,-2.8551879132556186,77.62999725341797
2024-05-13,77.44999694824219,78.43000030517578,77.11000061035156,77.62999725341797,14068,0.0041391761082605,77.31699829101562,80.98933308919271,86.33399978637695,78.00968119020808,78.47899932861328,81.78929041028941,75.16870824693716,42.14674256272737,-2.277954803459579,-2.7397412912964105,74.62999725341797
2024-05-14,77.73999786376953,77.91000366210938,74.62999725341797,74.62999725341797,28504,-0.0386448551609076,76.9879981994629,80.44999974568685,85.85779968261718,77.39519320170078,78.14599914550782,81.60237184349255,74.68962644752308,37.00744089453235,-2.394942442583954,-2.6707815215539195,75.41000366210938
2024-05-15,74.5999984741211,75.91000366210938,73.68000030517578,75.41000366210938,25618,0.0104516472919431,76.94799880981445,79.99766642252604,85.40399978637696,77.0342496490478,77.9384994506836,81.53297153361004,74.34402736775715,39.30221397216152,-2.3970838999785684,-2.6160419972388493,76.23999786376953
2024-05-16,75.63999938964844,77.23999786376953,75.22000122070312,76.23999786376953,18848,0.0110064203865991,77.07999877929687,79.63433303833008,84.94599975585938,76.88984023354266,77.84549942016602,81.51778355028699,74.17321529004505,42.15490626148292,-2.305234120882048,-2.553880421967489,75.88999938964844
2024-05-17,75.91999816894531,76.83000183105469,75.55000305175781,75.88999938964844,9604,-0.004590746116579,76.93299865722656,79.2889996846517,84.4781997680664,76.70805098919826,77.70549926757812,81.45490568068534,73.9560928544709,39.60745676261068,-2.2349216751279783,-2.4900886725995868,76.02999877929688
2024-05-20,75.91000366210938,76.9800033569336,75.5,76.02999877929688,13523,0.0018447673049728,76.87999877929687,78.93499959309896,84.09319976806641,76.58476876921618,77.5049991607666,81.15636165270853,73.85363666882468,44.72362087326944,-2.143196341244689,-2.4207102063286072,76.37999725341797
2024-05-21,76.02999877929688,76.70999908447266,74.9800033569336,76.37999725341797,15887,0.0046034260126333,76.81799850463867,78.61299947102864,83.7195997619629,76.5475375845256,77.31299896240235,80.76145368295406,73.86454424185064,51.76470477080403,-2.018987767289474,-2.340365718520781,79.37999725341797
2024-05-22,76.2300033569336,79.37999725341797,76.2300033569336,79.37999725341797,20584,0.0392772991343064,76.7499984741211,78.41533279418945,83.40259963989257,77.06253025159694,77.30649871826172,80.73796468500403,73.87503275151941,62.21248237321773,-1.6593487105748324,-2.204162316931592,81.72000122070312
2024-05-23,79.37999725341797,82.5999984741211,78.36000061035156,81.72000122070312,38868,0.0294785090482527,77.0619987487793,78.36033274332682,83.13899963378907,77.90934315507079,77.41349868774414,81.25269437653976,73.57430299894851,62.00440454604272,-1.1720032788859245,-1.9977305093224584,80.5199966430664
2024-05-24,81.4000015258789,82.16999816894531,79.52999877929688,80.5199966430664,22721,-0.0146843436088044,77.38299865722657,78.2903325398763,82.87979949951172,78.38400742561544,77.46949844360351,81.46037431020605,73.47862257700098,60.66809799987421,-0.8725506331418558,-1.7726945340863378,82.43000030517578
2024-05-28,80.66000366210938,83.19000244140625,80.30000305175781,82.43000030517578,24063,0.0237208611741024,77.86299896240234,78.27366587320964,82.64959945678712,79.1196424946264,77.58999862670899,82.02585278733486,73.15414446608312,63.554664422922,-0.4756281754459763,-1.5132812623582657,81.0999984741211
2024-05-29,82.33000183105469,82.5,80.25,81.0999984741211,16692,-0.0161349244950952,78.50999908447265,78.2673324584961,82.38019943237305,79.47970721817089,77.74899864196777,82.45443534684289,73.04356193709266,52.84153089757064,-0.2653257899798262,-1.263690167882578,77.76000213623047
2024-05-30,81.08999633789062,82.16999816894531,77.20999908447266,77.76000213623047,26689,-0.0411836794171631,78.74499893188477,78.20733261108398,82.06859954833985,79.16703356690898,77.84649887084962,82.4627324518902,73.23026528980903,47.91874130918544,-0.3639737623383183,-1.0837468867737263,76.1500015258789
2024-05-31,78.4800033569336,78.83000183105469,76.06999969482422,76.1500015258789,24767,-0.0207047397906566,78.7359992980957,78.14233271280925,81.74799957275391,78.6184822867217,77.90799903869629,82.39091892187616,73.42507915551641,47.17074243657463,-0.5655473077487869,-0.9801069709687386,73.1500015258789
2024-06-03,76.1500015258789,76.52999877929688,73.1500015258789,73.1500015258789,33071,-0.0393959282979197,78.46199951171874,77.957666015625,81.36679962158203,77.62421305747755,77.69749908447265,82.6586268035819,72.73637136536341,40.33650950382621,-0.9563465549194065,-0.9753548877588722,73.4800033569336
2024-06-04,73.1500015258789,74.04000091552734,72.26000213623047,73.4800033569336,27890,0.0045113031328911,78.20699996948242,77.73899943033854,81.00579971313476,76.87072038465138,77.54349937438965,82.8336050631471,72.2533936856322,47.19650573152877,-1.2253048326479217,-1.0253448767366822,74.44000244140625
2024-06-05,73.5999984741211,75.36000061035156,73.4800033569336,74.44000244140625,19144,0.0130647664754368,78.01300048828125,77.54633280436198,80.65419982910156,76.42877166769772,77.41549949645996,82.88192156712564,71.94907742579427,47.65586972874905,-1.3454824186294303,-1.089372385115232,75.44000244140625
2024-06-06,74.33000183105469,75.91000366210938,73.69999694824219,75.44000244140625,21192,0.0134336373885415,77.61900100708007,77.41066614786784,80.2947998046875,76.24899544473563,77.18449974060059,82.57025892726267,71.7987405539385,48.08246618800708,-1.3445334342146251,-1.1404045949351107,73.83999633789062
2024-06-07,75.61000061035156,76.0,73.54000091552734,73.83999633789062,23032,-0.0212089879604436,76.83100051879883,77.21933263142904,79.95619979858398,75.81099560712744,76.94649963378906,82.48734499791884,71.40565426965928,45.3640850737266,-1.4561034240935695,-1.2035443607668026,71.80999755859375
2024-06-10,73.83999633789062,74.27999877929688,71.27999877929688,71.80999755859375,24595,-0.0274918591545919,75.96000061035156,76.9663324991862,79.5647998046875,75.08354141648495,76.67149963378907,82.66392674483767,70.67907252274047,41.20833637979102,-1.6888592626709027,-1.3006073411476229,72.7300033569336
2024-06-11,72.11000061035156,73.54000091552734,71.51000213623047,72.7300033569336,19346,0.0128116673112146,74.99000091552735,76.72333272298177,79.16419982910156,74.65562540565742,76.42649993896484,82.65013563287945,70.20286424505022,42.57226181996136,-1.7785807903192392,-1.396202030981946,71.73999786376953
2024-06-12,73.0,73.23999786376953,71.5,71.73999786376953,18968,-0.0136120644502855,74.05400085449219,76.51733271280925,78.78279983520508,74.12551130713234,76.28199996948243,82.80811061774072,69.75588932122413,33.06739831206619,-1.9075815047084603,-1.498477925727249,71.3499984741211
2024-06-13,71.7300033569336,72.19999694824219,71.30000305175781,71.3499984741211,12084,-0.0054362893958963,73.41300048828126,76.36866607666016,78.43019973754883,73.6208726102212,76.07899971008301,82.96213164718802,69.195867772978,24.84233157880904,-2.018022682339108,-1.6023868770496208,70.97000122070312
2024-06-14,71.58999633789062,71.81999969482422,70.83999633789062,70.97000122070312,11388,-0.0053258200636934,72.89500045776367,76.23699951171875,78.10679977416993,73.13889599394518,75.81549987792968,83.0663503097963,68.56464944606306,25.87168363521269,-2.111866432238756,-1.7042827880874478,69.94000244140625
2024-06-17,70.8499984741211,71.22000122070312,68.29000091552734,69.94000244140625,12440,-0.014513157130909,72.57400054931641,75.98966623942057,77.78059982299804,72.55727898439265,75.51800003051758,83.22959415468266,67.80640590635251,16.975170793839837,-2.243489028574245,-1.8121240361848077,71.02999877929688
2024-06-18,70.01000213623047,71.94999694824219,68.9000015258789,71.02999877929688,9937,0.0155847340555042,72.32900009155273,75.80533294677734,77.46819976806641,72.27959167437524,75.26800003051758,83.2298334772285,67.30616658380667,23.031610692591077,-2.234094044007364,-1.896518037749319,70.8499984741211
2024-06-20,71.01000213623047,71.9800033569336,70.69000244140625,70.8499984741211,5208,-0.0025341448439986,71.96999969482422,75.60033289591472,77.16439971923828,72.01966563796539,74.99150009155274,83.17182844439075,66.81117173871472,27.72405122070235,-2.215632538631297,-1.9603409379257144,68.19000244140625
2024-06-21,71.05999755859375,71.19999694824219,67.8499984741211,68.19000244140625,4805,-0.0375440520818987,71.24499969482422,75.20466639200846,76.82199981689453,71.323363238591,74.43200035095215,82.87499907691974,65.98900162498457,25.96619386856713,-2.3881124382981653,-2.045895238000205,71.29000091552734
2024-06-24,67.91999816894531,71.52999877929688,67.9000015258789,71.29000091552734,57,0.0454611873167893,70.9900001525879,74.960999806722,76.58039978027344,71.31729736167033,73.91050033569336,81.72301444034696,66.09798623103976,44.417766502111135,-2.248737980690777,-2.0864637865383195,72.5999984741211
2024-06-25,72.0,73.69000244140625,72.0,72.5999984741211,6,0.0183756142764814,71.06900024414062,74.80399983723959,76.37999969482422,71.55051574575228,73.51450042724609,80.69361771883577,66.33538313565641,47.50565500776347,-2.0094135949203604,-2.0710537482147275,72.69999694824219
2024-06-26,73.25,73.29000091552734,70.08999633789062,72.69999694824219,7,0.0013773894796531,71.06599960327148,74.63966649373373,76.17539962768555,71.75951232802316,73.02800025939942,78.85456959826811,67.20143092053073,44.81523951208246,-1.7910323477923242,-2.015049468130247,72.0199966430664
2024-06-27,72.0199966430664,72.0199966430664,72.0199966430664,72.0199966430664,0,-0.0093535121557143,71.09399948120117,74.55266647338867,75.98999954223633,71.80687311257648,72.57400016784668,76.99866591644853,68.14933441924482,39.61116042355656,-1.6537703426457284,-1.9427936430333432,69.80999755859375
2024-06-28,69.80999755859375,69.80999755859375,69.80999755859375,69.80999755859375,24,-0.0306859092957958,70.93999938964843,74.36599960327149,75.79499954223633,71.44380483003417,72.17649993896484,76.03119996978702,68.32179990814265,38.19566299782157,-1.703678723213656,-1.894970659069406,70.06999969482422
2024-07-01,71.9000015258789,71.9000015258789,71.9000015258789,70.06999969482422,1,0.0037244255167354,70.84999923706054,74.16033299763997,75.63439956665039,71.19402207817781,71.87249984741212,75.3481047810596,68.39689491376463,44.31373077005547,-1.7026246774839393,-1.8565014627523129,69.33000183105469
2024-07-02,69.33000183105469,69.33000183105469,69.33000183105469,69.33000183105469,0,-0.0105608372626294,70.78899917602538,73.94166641235351,75.44719955444336,70.8551093059736,71.6814998626709,75.2792142424155,68.0837854829263,38.75659940650124,-1.7414268965720794,-1.833486549516266,68.68000030517578
2024-07-03,68.68000030517578,68.68000030517578,68.68000030517578,68.68000030517578,0,-0.0093754725041382,70.55399932861329,73.69666646321615,75.21999954223632,70.45963494219217,71.44149971008301,75.17200665775468,67.71099276241134,39.64816992404666,-1.8038341483884888,-1.827556069290711,67.30999755859375
2024-07-05,67.30999755859375,67.30999755859375,67.30999755859375,67.30999755859375,0,-0.0199476228959595,70.19999923706055,73.39433314005534,74.96179946899414,69.88697359971972,71.08499946594239,74.96858659853382,67.20141233335096,37.18272753986192,-1.9414601727766865,-1.850336889987906,67.31999969482422
2024-07-08,67.31999969482422,67.31999969482422,67.31999969482422,67.31999969482422,0,0.0001485980774513,70.11299896240234,72.99233322143554,74.71799942016601,69.4202510715569,70.67899932861329,74.33681383163758,67.02118482558899,38.14163911606055,-2.026364036597755,-1.885542319309876,66.95999908447266
2024-07-09,66.95999908447266,66.95999908447266,66.95999908447266,66.95999908447266,32,-0.005347602673552,69.67999877929688,72.50033315022786,74.46559936523437,68.97293252845067,70.33499946594239,74.03494187149555,66.63505706038923,39.87770158170064,-2.098509687578513,-1.928135792963604,69.33000183105469
2024-07-10,69.2699966430664,70.25,69.0999984741211,69.33000183105469,77,0.0353943067351625,69.35299911499024,72.12733332316081,74.2641993713379,69.03785421983322,70.21099967956543,73.86879186678857,66.5532074923423,44.68750953674317,-1.9420593695303692,-1.930920508276957,69.05999755859375
2024-07-11,69.83999633789062,69.93000030517578,68.93000030517578,69.05999755859375,46,-0.0038944795230049,68.98899917602539,71.68166656494141,74.04499938964844,69.04188028142605,70.02749938964844,73.51758570229615,66.53741307700074,44.43753737051015,-1.8188914056772203,-1.9085146877570096,68.91999816894531
2024-07-12,69.0999984741211,69.0999984741211,68.30000305175781,68.91999816894531,34,-0.0020272139385706,68.67899932861329,71.27566655476888,73.86499938964843,69.01971989733863,69.88649940490723,73.31254898660745,66.460449823207,52.68973962245481,-1.7128322239901337,-1.8693781950036348,70.86000061035156
2024-07-15,69.33000183105469,71.55999755859375,68.9000015258789,70.86000061035156,64,0.0281486142331384,68.78399963378907,71.04566650390625,73.7659994506836,69.3543163906137,69.86199951171875,73.25078892212419,66.47321010131331,48.26752653532972,-1.4554599384651112,-1.78659454369593,70.37000274658203
2024-07-16,70.6500015258789,70.94999694824219,69.80999755859375,70.37000274658203,42,-0.0069150135414752,68.81399993896484,70.85299987792969,73.67499954223632,69.5389866371534,69.83199958801269,73.18997186194711,66.47402731407827,40.37966567618486,-1.2763166960500172,-1.6845389741667476,71.12000274658203
2024-07-17,71.0,72.04000091552734,71.0,71.12000274658203,28,0.0106579504153341,68.99300003051758,70.78533325195312,73.55019958496094,69.82644411159497,69.89099960327148,73.29806847775693,66.48393072878604,43.54578223961135,-1.061588324402294,-1.559948844213857,71.37000274658203
2024-07-18,71.01000213623047,71.5999984741211,71.01000213623047,71.37000274658203,19,0.0035151854660468,69.2620002746582,70.71499989827474,73.4463996887207,70.10709113613807,69.90799980163574,73.34228247518101,66.47371712809047,47.24812366195036,-0.8613129526053314,-1.4202216658921518,69.9800033569336
2024-07-19,70.30999755859375,71.04000091552734,69.93000030517578,69.9800033569336,7,-0.0194759609942007,69.52900085449218,70.56633326212565,73.30599975585938,70.0839842671918,69.86450004577637,73.27046668270627,66.45853340884646,50.77345584779549,-0.8054696587465457,-1.2972712644630306,70.12999725341797
2024-07-22,70.12999725341797,70.87000274658203,69.8499984741211,70.12999725341797,28,0.0021433822419145,69.81000061035157,70.3893330891927,73.10739974975586,70.09235026468747,69.96149978637695,73.27594215507091,66.64705741768299,50.27572395067823,-0.7405733238527716,-1.1859316763409788,68.02999877929688
2024-07-23,70.63999938964844,70.63999938964844,67.58999633789062,68.02999877929688,94,-0.0299443684067554,69.91700057983398,70.19566650390625,72.89599975585938,69.71737726734372,69.79849967956542,73.15818823708969,66.43881112204116,44.68953240060287,-0.8488102807878022,-1.1185073972303434,67.01000213623047
2024-07-24,68.01000213623047,68.01000213623047,65.9000015258789,67.01000213623047,84,-0.0149933361953376,69.68500061035157,70.03566665649414,72.68999984741211,69.22512724350494,69.5189998626709,72.82706271822205,66.21093700711974,43.3782787941564,-1.0053055173685408,-1.0958670212579829,67.20999908447266
2024-07-25,66.4000015258789,67.25,66.23999786376953,67.20999908447266,27,0.0029845835228536,69.50000076293945,69.85166651407877,72.4815998840332,68.85874030549907,69.24449996948242,72.34581777513647,66.14318216382837,49.562943533785095,-1.1005050998171129,-1.096794636969809,66.06999969482422
2024-07-26,66.4000015258789,66.4000015258789,65.68000030517578,66.06999969482422,9,-0.0169617527924027,69.21500091552734,69.66266657511393,72.31039993286133,68.35169655810364,68.9470001220703,72.06874945116012,65.8252507929805,45.02784093461053,-1.2534904208548454,-1.1281337937468163,67.51000213623047
2024-07-29,66.7699966430664,67.73999786376953,66.7699966430664,67.51000213623047,23,0.0217951028917449,68.88000106811523,69.53466669718425,72.15239990234375,68.19866120867215,68.83200035095214,71.9891464419208,65.67485425998349,52.01466409409703,-1.2441939343664927,-1.1513458218707515,68.1500015258789
2024-07-30,67.5199966430664,68.5,67.5199966430664,68.1500015258789,23,0.0094800676847404,68.65800094604492,69.44066670735677,71.99059997558594,68.18981399361883,68.73600044250489,71.85112905224157,65.6208718327682,45.0503303620061,-1.1716774317114442,-1.1554121438388902,67.9800033569336
2024-07-31,68.3499984741211,68.36000061035156,67.16000366210938,67.9800033569336,39,-0.0024944705082766,68.34400100708008,69.37533340454101,71.83240005493164,68.1516666051306,68.66850051879882,71.78793683299297,65.54906420460468,45.43149059330562,-1.1150711661088335,-1.1473439482928791,66.87999725341797
2024-08-01,67.5999984741211,68.69999694824219,66.69999694824219,66.87999725341797,13,-0.0161813187583996,67.89500045776367,69.23700002034505,71.64940002441406,67.9204539957283,68.57850036621093,71.79877511741374,65.35822561500812,42.01877023387872,-1.1457639387392646,-1.1470279463821562,67.18000030517578
2024-08-02,66.5199966430664,67.93000030517578,66.5199966430664,67.18000030517578,17,0.0044856917475797,67.6150001525879,69.11466674804687,71.46540008544922,67.78582605199148,68.57200050354004,71.80356076157904,65.34044024550104,33.48293075805694,-1.1328219765432408,-1.1441867524143732,66.55000305175781
2024-08-05,67.08999633789062,67.73999786376953,65.68000030517578,66.55000305175781,16,-0.0093777500827048,67.25700073242187,69.06000010172527,71.20880020141601,67.5611309610399,68.53350067138672,71.84521786023456,65.22178348253888,33.06736395419384,-1.1600288015735032,-1.1473551622461993,66.19999694824219
2024-08-06,66.69000244140625,66.69000244140625,66.22000122070312,66.19999694824219,7,-0.00525929507837,67.07400054931641,68.89033330281576,70.8984001159668,67.31365204962212,68.4955005645752,71.89939734788811,65.09160378126228,27.38967352774736,-1.1960457034979155,-1.1570932704965426,66.47000122070312
2024-08-07,66.0,67.0,65.91999816894531,66.47000122070312,30,0.0040786145756477,67.02000045776367,68.68600006103516,70.61740020751954,67.16026098981867,68.35250053405761,71.84785725203557,64.85714381607966,27.52293192691181,-1.1890951211227332,-1.1634936406217808,65.79000091552734
2024-08-08,66.06999969482422,66.0999984741211,65.30000305175781,65.79000091552734,17,-0.0102301834314392,66.87800064086915,68.45566685994466,70.28460021972656,66.91112279449297,68.18900070190429,71.84714005167295,64.53086135213563,29.440621013099488,-1.2243436051889915,-1.175663633535223,67.08999633789062
2024-08-09,66.20999908447266,67.4000015258789,66.20999908447266,67.08999633789062,33,0.0197597720667679,66.98000030517578,68.2913335164388,70.00440017700195,66.9436452569289,68.09750061035156,71.77017150412232,64.4248297165808,36.59612058206743,-1.134303966645675,-1.1673917001573135,68.29000091552734
2024-08-12,67.55000305175781,69.94999694824219,67.55000305175781,68.29000091552734,57,0.0178864904328366,67.05800018310546,68.24066696166992,69.81500015258788,67.1884371948559,67.96900062561035,71.40704887217764,64.53095237904306,51.245219757774265,-0.9551066884695274,-1.1249346978197563,67.0999984741211
2024-08-13,67.80000305175781,67.94999694824219,67.33999633789062,67.0999984741211,23,-0.0174257200974158,66.95299987792968,68.14166692097982,69.63400009155274,67.17235742744957,67.80550041198731,71.06938708279719,64.54161374117743,50.42411028880919,-0.8987545235323751,-1.0796986629622802,66.18000030517578
2024-08-14,66.97000122070312,67.55000305175781,66.12000274658203,66.18000030517578,31,-0.0137108523079941,66.7729995727539,68.03666687011719,69.49460006713868,66.99192885976342,67.55850028991699,70.49780509904726,64.61919548078673,45.45455769779832,-0.9177519174885588,-1.047309313867536,66.33999633789062
2024-08-15,66.5999984741211,66.75,66.44999694824219,66.33999633789062,9,0.0024175888784685,66.71899948120117,67.95866673787435,69.3517999267578,66.87339567396836,67.30699996948242,69.67920029363215,64.93479964533269,51.30432987836477,-0.9094139880070172,-1.0197302486954325,66.45999908447266
2024-08-16,66.3499984741211,66.36000061035156,65.77999877929688,66.45999908447266,17,0.0018089049322647,66.64699935913086,67.93033345540364,69.19219985961914,66.79823265769642,67.13099975585938,69.16661838320498,65.09538112851378,44.18603865215929,-0.8829448613296762,-0.9923731712222812,67.9800033569336
2024-08-19,66.77999877929688,68.5,66.77999877929688,67.9800033569336,23,0.0228709643906097,66.78999938964844,67.95233357747396,69.04299987792969,67.01310005755772,67.02350006103515,68.55756776128501,65.48943236078529,49.14229140074184,-0.7308909897898133,-0.9400767349357876,68.80000305175781
2024-08-20,68.55000305175781,69.19000244140625,68.41999816894531,68.80000305175781,18,0.0120623662008187,67.05,68.01366704305013,68.94220001220702,67.33799151104864,67.0620002746582,68.73480161213881,65.3891989371776,53.88256679500305,-0.5380181405371047,-0.8596650160560512,69.70999908447266
2024-08-21,68.81999969482422,69.75,68.81999969482422,69.70999908447266,51,0.0132266859353227,67.37399978637696,68.02633361816406,68.9002000427246,67.76926561530755,67.1970001220703,69.24569419694707,65.14830604719354,63.64512535884604,-0.3081833968828107,-0.7493686922214031,69.58999633789062
2024-08-22,69.79000091552734,70.87000274658203,68.51000213623047,69.58999633789062,41,-0.0017214567229676,67.75399932861328,68.04400024414062,68.83739990234375,68.1003075648681,67.31599998474121,69.62750406462007,65.00449590486235,61.82528778661676,-0.1341742481985761,-0.6263298034168377,71.29000091552734
2024-08-23,70.41999816894531,71.0999984741211,70.41999816894531,71.29000091552734,9,0.024428864306623,68.17399978637695,68.12300033569336,68.8283999633789,68.68025181044251,67.57700004577637,70.41498446088382,64.73901563066893,71.04791536941187,0.1392996579404268,-0.4732039111453849,70.58000183105469
2024-08-26,71.97000122070312,71.98999786376953,71.26000213623047,70.58000183105469,12,-0.0099593081127035,68.40299987792969,68.11366704305013,68.81300003051757,69.02566090509927,67.73050003051758,70.86937428104801,64.59162577998714,68.84682001604666,0.2953342767188474,-0.3194962735725384,70.0199966430664
2024-08-27,70.2699966430664,70.91000366210938,69.31999969482422,70.0199966430664,28,-0.007934332296119,68.69499969482422,68.10200017293295,68.79399993896484,69.2064492210933,67.82399978637696,71.12281916243771,64.52518041031621,64.90340913822516,0.3695452106035191,-0.1816879767373269,68.73999786376953
2024-08-28,69.55000305175781,69.55000305175781,68.5999984741211,68.73999786376953,9,-0.0182804747309799,68.9509994506836,68.0226666768392,68.76999984741211,69.12163988339806,67.86199951171875,71.18579980471374,64.53819921872376,61.790546144688825,0.3213681740096632,-0.0810767465879289,70.12999725341797
2024-08-29,69.5,70.19999694824219,69.08999633789062,70.12999725341797,9,0.0202211148217252,69.32999954223632,67.9813331604004,68.75199981689452,69.30497758703804,68.02449951171874,71.46199217697969,64.5870068464578,62.063482548384535,0.3908434593395924,0.0133072945975753,69.79000091552734
2024-08-30,69.93000030517578,69.93000030517578,69.55000305175781,69.79000091552734,10,-0.0048480871411135,69.66299972534179,67.97499974568684,68.73079986572266,69.39316364676337,68.15499954223633,71.65510183548972,64.65489724898293,56.388412683765,0.4136993914405451,0.0933857139661693,70.76000213623047
2024-09-03,69.1500015258789,71.70999908447266,69.1500015258789,70.76000213623047,27,0.0138988566840283,69.94099960327148,67.99599990844726,68.78219985961914,69.64167973575738,68.36549949645996,71.96417531918557,64.76682367373435,65.88542666975727,0.5042709525279747,0.1755627616785304,69.88999938964844
2024-09-04,69.55000305175781,70.18000030517578,69.37000274658203,69.88999938964844,4,-0.012295120411487,70.04999923706055,68.05799992879231,68.75419982910157,69.68682876373757,68.54999961853028,72.05844399424934,65.04155524281121,66.17260776760895,0.5000829712876111,0.2404668036003465,69.48999786376953
2024-09-05,69.9000015258789,70.05000305175781,69.33000183105469,69.48999786376953,5,-0.0057233013216788,70.02799911499024,68.14066645304362,68.69199981689454,69.65104132737974,68.7009994506836,72.09045053442397,65.31154836694323,63.45003273924899,0.4591938845330219,0.2842122197868816,67.12000274658203
2024-09-06,69.0,69.0,66.93000030517578,67.12000274658203,16,-0.0341055574909314,69.78099975585937,68.13766657511393,68.58039993286133,69.19085249450742,68.76749954223632,71.96312126565874,65.5718778188139,52.36390882768616,0.232865856963528,0.2739429472222109,67.54000091552734
2024-09-09,67.62000274658203,68.41000366210938,67.25,67.54000091552734,16,0.0062574218080868,69.40599975585937,68.18666661580404,68.49080001831055,68.89069766196559,68.78999977111816,71.94192824072569,65.63807130151064,48.28925964026754,0.0863937137185359,0.2364331005214759,68.08000183105469
2024-09-10,68.47000122070312,68.52999877929688,67.77999877929688,68.08000183105469,5,0.0079952755138799,69.15599975585937,68.2056666056315,68.45620010375977,68.74329841998178,68.77949981689453,71.93982942517941,65.61917020860965,47.13831035013943,0.0137287888966568,0.1918922381965121,69.30999755859375
2024-09-11,68.4000015258789,70.6500015258789,68.4000015258789,69.30999755859375,50,0.0180669167811038,69.0849998474121,68.24433314005533,68.44100006103515,68.84633462700214,68.88999977111817,71.95621614871521,65.82378339352113,48.44960667223002,0.0547604438524729,0.1644658793277043,70.05000305175781
2024-09-12,70.05000305175781,70.05000305175781,70.05000305175781,70.05000305175781,0,0.010676749664267,69.21600036621093,68.3133331298828,68.45540008544921,69.06518343150316,69.08349990844727,71.90860011516256,66.25839970173197,51.70120772374377,0.1453154784565526,0.160635799153474,69.4800033569336
2024-09-13,69.4800033569336,69.4800033569336,69.4800033569336,69.4800033569336,2,-0.0081370402568442,69.1510009765625,68.4,68.47140014648437,69.14060523612687,69.24050025939941,71.75563671209368,66.72536380670515,42.69573184924464,0.1691370771665816,0.1623360547560955,71.75
2024-09-16,70.0999984741211,72.47000122070312,70.0999984741211,71.75,33,0.0326712224149579,69.34700088500976,68.55233332316081,68.5602001953125,69.61504064774016,69.50500030517578,71.89864433246,67.11135627789157,54.19354274157293,0.3669555881137256,0.2032599614276215,70.80999755859375
2024-09-17,71.16000366210938,71.16000366210938,70.41999816894531,70.80999755859375,33,-0.0131010793227351,69.3520004272461,68.69433314005533,68.6300001525879,69.83230554062263,69.6465000152588,71.9947237334019,67.29827629711569,52.75645929931996,0.4427738211582692,0.2511627333737511,69.68000030517578
2024-09-18,71.0,71.0,69.68000030517578,69.68000030517578,12,-0.0159581597567902,69.33100051879883,68.81033325195312,68.68440017700195,69.8046136796323,69.69049987792968,72.00467040781237,67.376329348047,53.31453782416873,0.4069874841409273,0.2823276835271864,71.58000183105469
2024-09-19,69.61000061035156,70.0199966430664,69.61000061035156,71.58000183105469,12,0.0272675303897462,69.54000091552734,68.98066660563151,68.72940017700195,70.12741152534545,69.78400001525878,72.2477614440176,67.32023858649997,54.93534748035132,0.5258787949907173,0.3310379058198925,72.20999908447266
2024-09-20,71.91999816894531,74.58000183105469,71.86000061035156,72.20999908447266,42,0.0088013025608033,70.0490005493164,69.19466654459636,68.79240020751953,70.50606380882313,69.9150001525879,72.6036775864958,67.22632271867998,58.07743277421773,0.6632905283224346,0.397488430320401,71.69999694824219
2024-09-23,74.04000091552734,74.05000305175781,71.62999725341797,71.69999694824219,12,-0.0070627633665228,70.46500015258789,69.34833323160807,68.84800018310547,70.72314256144477,69.93549995422363,72.67410762033492,67.19689228811234,53.23689748392808,0.7227064962383309,0.462532043503987,73.0999984741211
2024-09-24,73.0999984741211,73.0999984741211,73.0999984741211,73.0999984741211,0,0.0195258240650906,70.96699981689453,69.5086664835612,68.89280014038086,71.15529818193137,70.06149978637696,73.13621897137536,66.98678060137856,60.66445202934352,0.8727025301885476,0.5445661408408992,74.0199966430664
2024-09-25,74.23999786376953,74.4000015258789,74.19999694824219,74.0199966430664,6,0.012585474530085,71.4379997253418,69.73933308919271,68.96580001831055,71.67615244759229,70.26149978637696,73.80889291877124,66.71410665398268,64.54720965900461,1.0536656297498723,0.6463860386226938,73.86000061035156
2024-09-26,73.86000061035156,73.86000061035156,73.86000061035156,73.86000061035156,5,-0.0021615244524579,71.81899948120117,69.99533309936524,69.02059997558594,72.07321574991215,70.51749992370605,74.33153244483935,66.70346740257276,75.22455615574252,1.170675034149724,0.7512438377280999,73.54000091552734
2024-09-27,73.54000091552734,73.54000091552734,73.54000091552734,73.54000091552734,0,-0.0043325168180322,72.22499923706054,70.23533325195312,69.06399993896484,72.33990396184218,70.68800010681153,74.7273188878502,66.64868132577286,72.62444376167281,1.2234810017231863,0.8456912705271173,73.55999755859375
2024-09-30,73.55999755859375,73.55999755859375,73.55999755859375,73.55999755859375,0,0.0002719151865306,72.40599899291992,70.47199986775716,69.13559982299805,72.56173916125155,70.87649993896484,75.08758256264912,66.66541731528056,71.50706408217235,1.2525055689074236,0.9270541302031788,73.0
2024-10-01,73.0,73.0,73.0,73.0,0,-0.0076128001247918,72.62499923706055,70.6393330891927,69.1929998779297,72.6414229501149,70.98849983215332,75.30438435700465,66.672615307302,65.28585280505271,1.2162998767689857,0.9849032795163402,73.16000366210938
2024-10-02,73.16000366210938,73.16000366210938,73.16000366210938,73.16000366210938,0,0.0021918309877997,72.9729995727539,70.7846664428711,69.29559997558594,72.73571035229571,71.15200004577636,75.53982196356384,66.76417812798888,63.53352155621189,1.1868364513955356,1.0252899138921794,72.48999786376953
2024-10-03,72.48999786376953,72.48999786376953,72.48999786376953,72.48999786376953,0,-0.0091580886386265,73.06399917602539,70.87733306884766,69.40519989013671,72.69103535438185,71.30200004577637,75.65557443987419,66.94842565167855,62.98531258804417,1.096779613398951,1.0395878537935337,73.02999877929688
2024-10-04,73.02999877929688,73.02999877929688,73.02999877929688,73.02999877929688,10,0.0074493162014181,73.14599914550782,70.99199981689453,69.52159988403321,72.75266506800276,71.59749984741211,75.53864910754923,67.65635058727499,56.490865618979086,1.056800344829469,1.043030352000721,73.29000091552734
2024-10-07,73.29000091552734,73.29000091552734,73.29000091552734,73.29000091552734,0,0.0035602100585572,73.30499954223633,71.0586664835612,69.66599990844726,72.8503624948254,71.8849998474121,75.3952333188511,68.37476637597311,63.50764310724119,1.034175158443503,1.0412593132892771,72.02999877929688
2024-10-08,72.02999877929688,72.02999877929688,72.02999877929688,72.02999877929688,0,-0.017192006010243,73.1979995727539,71.10699971516927,69.75639984130859,72.70120545563839,72.08249969482422,75.10142774979782,69.06357163985062,62.62082258102847,0.9041504099980102,1.0138375326310238,72.01000213623047
2024-10-09,72.01000213623047,72.01000213623047,72.01000213623047,72.01000213623047,17267,-0.0002776154852879,72.99700012207032,71.17333323160807,69.83359985351562,72.57553212483694,72.21749992370606,74.94147294775875,69.49352689965336,52.89367622822465,0.7903802861565339,0.969146083336126,72.66000366210938
2024-10-10,72.19999694824219,72.72000122070312,71.75,72.66000366210938,16847,0.0090265450159161,72.87700042724609,71.30400009155274,69.92719985961914,72.59089058615919,72.34799995422364,74.8779177656278,69.81808214281948,53.02016309484918,0.744088940069858,0.9241346546828724,72.20999908447266
2024-10-11,72.62000274658203,73.5,71.76000213623047,72.20999908447266,21777,-0.0061932914252161,72.74400024414062,71.37333348592122,70.03379989624024,72.52163758585255,72.48449974060058,74.6279497659741,70.34104971522707,53.4506201071005,0.6634433443207257,0.871996392610443,71.02999877929688
2024-10-14,72.19999694824219,72.19999694824219,70.5999984741211,71.02999877929688,23567,-0.0163412314102842,72.49100036621094,71.41466674804687,70.11079986572265,72.25043053011515,72.44849967956543,74.66677110917006,70.2302282499608,35.56486735824181,0.4985677866192617,0.7973106714122068,70.62000274658203
2024-10-15,71.05999755859375,71.37999725341797,70.55000305175781,70.62000274658203,15029,-0.0057721531713491,72.25300064086915,71.41000010172526,70.19219985961914,71.95398911492731,72.43899993896484,74.68822743560135,70.18977244232833,24.47453433225651,0.3310038594671454,0.7040493090231946,71.26000213623047
2024-10-16,70.62000274658203,71.98999786376953,70.62000274658203,71.26000213623047,17861,0.0090625795066174,72.06300048828125,71.45566685994466,70.2933999633789,71.82780966425516,72.51800003051758,74.4474669394696,70.58853312156556,31.792745671070836,0.2470035389698495,0.6126401550125256,70.76000213623047
2024-10-17,71.27999877929688,71.5,70.16000366210938,70.76000213623047,23989,-0.0070165588690852,71.89000091552734,71.49800033569336,70.37919998168945,71.63366284097793,72.47700004577636,74.5217930799393,70.43220701161343,31.010956299872436,0.1384904270250331,0.5178102094150271,70.98999786376953
2024-10-18,70.81999969482422,71.7300033569336,70.80000305175781,70.98999786376953,16221,0.0032503634906095,71.68600082397461,71.62700017293294,70.4831999206543,71.51663284512185,72.4159999847412,74.56449095831198,70.26750901117043,32.93494350909296,0.0702420306665345,0.4282965736653286,72.19999694824219
2024-10-21,71.05000305175781,72.5999984741211,71.0,72.19999694824219,24054,0.0170446417929841,71.57700042724609,71.78233337402344,70.58539993286132,71.64088086387099,72.44099998474121,74.56591786130652,70.3160821081759,45.11001053937342,0.1124947293673273,0.3651362048057284,72.08000183105469
2024-10-22,72.3499984741211,72.41999816894531,71.72000122070312,72.08000183105469,18925,-0.0016619823027627,71.58200073242188,71.91566670735678,70.66119995117188,71.72072103972256,72.39000015258789,74.49720992735064,70.28279037782514,43.3660816214058,0.1347444443075147,0.3190578527060856,72.51000213623047
2024-10-23,72.08000183105469,72.75,71.86000061035156,72.51000213623047,16046,0.0059655978669872,71.63200073242187,72.02233352661133,70.76940002441407,71.86422669363309,72.31450042724609,74.27919350155551,70.34980735293666,50.12660941719106,0.1849430265760077,0.2922348874800701,71.52999877929688
2024-10-24,72.45999908447266,72.69000244140625,71.25,71.52999877929688,16299,-0.0135154230873194,71.51900024414063,72.0716667175293,70.87639999389648,71.8034579819356,72.19800033569337,74.04991350037118,70.34608717101555,41.007190295845,0.1439878813435058,0.2625854862527572,70.66000366210938
2024-10-25,71.45999908447266,71.6500015258789,70.61000061035156,70.66000366210938,20878,-0.0121626608700474,71.3640007019043,72.11100006103516,70.96280014038086,71.59555719651264,72.05400047302246,73.9144059329526,70.1935950130923,35.30726037918562,0.040858309418823,0.2182400508859704,70.36000061035156
2024-10-28,70.69000244140625,71.04000091552734,69.93000030517578,70.36000061035156,21182,-0.0042457265243348,71.29700088500977,72.06466674804688,71.04080017089844,71.37091054448335,71.89400062561035,73.75946935730377,70.02853189391692,39.54943548140679,-0.0643387018808425,0.1617243003326078,70.55999755859375
2024-10-29,70.36000061035156,71.11000061035156,70.0,70.55999755859375,17990,0.0028424807633211,71.29100036621094,72.05633341471354,71.09240005493164,71.22347181977615,71.77200050354004,73.65200741944865,69.89199358763143,41.12603270091152,-0.1300706356389582,0.1033653131382946,69.91999816894531
2024-10-30,70.51000213623047,70.73999786376953,69.77999877929688,69.91999816894531,17633,-0.009070286448309,71.15699996948243,72.06433334350587,71.1147999572754,70.98647661053417,71.61000022888183,73.54401713501353,69.67598332275013,33.21072679435947,-0.2311418098585846,0.0364638885389187,69.56999969482422
2024-10-31,70.12000274658203,70.12000274658203,69.26000213623047,69.56999969482422,24518,-0.0050056991316762,71.03799972534179,71.99733327229818,71.11199996948243,70.72893535313236,71.46400032043456,73.55296322070888,69.37503742016025,33.622796605195944,-0.3356146387655627,-0.0379518169219775,70.16999816894531
2024-11-01,69.61000061035156,71.4000015258789,69.4000015258789,70.16999816894531,33376,0.0086243851768441,70.95599975585938,71.9293332417806,71.12360000610352,70.6273104105529,71.321000289917,73.3492740550095,69.29272652482449,44.25131780795091,-0.3657787758566542,-0.1035172087089128,69.93000030517578
2024-11-04,70.18000030517578,70.98999786376953,69.70999908447266,69.93000030517578,27017,-0.0034202347161489,70.72900009155273,71.87033335367839,71.09639999389648,70.50052675502978,71.15300025939942,73.04672596638086,69.25927455241798,45.280409629550775,-0.4043883564326194,-0.1636914382536541,69.94999694824219
2024-11-05,69.93000030517578,70.18000030517578,69.41999816894531,69.94999694824219,20299,0.000285952280554,70.51599960327148,71.76533330281576,71.08379989624024,70.40043042652295,71.04900016784669,72.96822184040512,69.12977849528825,40.20919886550899,-0.4284344396998705,-0.2166400385428974,69.69000244140625
2024-11-06,69.94999694824219,70.0,68.94999694824219,69.69000244140625,32812,-0.0037168623042015,70.23399963378907,71.62100016276041,71.07720001220703,70.27126170195626,70.93300018310546,72.88777497390389,68.97822539230704,41.70539536391175,-0.4631318224095508,-0.2659383953162281,71.05000305175781
2024-11-07,69.75,71.18000030517578,69.75,71.05000305175781,38882,0.0195150030521955,70.18600006103516,71.52733357747395,71.1234001159668,70.4128510382838,70.8525001525879,72.63262314358039,69.0723771615954,50.3958136852393,-0.3765484488074975,-0.288060406014482,70.9800033569336
2024-11-08,71.02999877929688,71.36000061035156,70.01000213623047,70.9800033569336,41797,-0.0009852173373339,70.21800003051757,71.44200032552084,71.1404002380371,70.51596964167467,70.79100036621094,72.454844304496,69.12715642792587,40.52796999411208,-0.310005343164434,-0.2924493934444724,69.69000244140625
2024-11-11,70.97000122070312,71.23999786376953,69.61000061035156,69.69000244140625,36125,-0.0181741455976042,70.15100021362305,71.31300048828125,71.13840026855469,70.3657937870804,70.7240005493164,72.45392818831338,68.99407291031942,34.29695144447474,-0.3572436628518147,-0.3054082473259409,68.7699966430664
2024-11-12,69.87999725341797,70.0199966430664,68.72000122070312,68.7699966430664,29252,-0.0132014028714285,69.97200012207031,71.17200037638347,71.09860015869141,70.07564885180513,70.63150024414062,72.57009850958926,68.69290197869199,26.913520244291604,-0.463573365461869,-0.3370412709531265,68.9000015258789
2024-11-13,68.75,69.04000091552734,67.95999908447266,68.9000015258789,24301,0.0018904302625935,69.87000045776367,71.03000030517578,71.07880020141602,69.86189479254581,70.51350021362305,72.57445903004765,68.45254139719844,31.86206882036808,-0.5312264652828702,-0.3758783098190753,68.31999969482422
2024-11-14,68.80000305175781,69.73999786376953,68.2699966430664,68.31999969482422,15821,-0.0084180234863542,69.74500045776367,70.89100036621093,71.05540023803711,69.5815502293237,70.39150009155273,72.66856510630359,68.11443507680187,33.18962446054364,-0.6244451201523162,-0.4255916718857235,66.80000305175781
2024-11-15,68.3499984741211,68.37000274658203,66.6500015258789,66.80000305175781,13473,-0.0222481945236536,69.40800094604492,70.68333384195964,71.04900024414063,69.07581437885717,70.18200035095215,72.94612075787848,67.41787994402583,28.239604241126383,-0.8116167885692676,-0.5027966952224323,66.62000274658203
2024-11-18,66.83000183105469,67.0999984741211,66.41999816894531,66.62000274658203,12221,-0.0026946152238392,69.07700119018554,70.46100056966146,71.03060028076172,68.62930317298897,69.90300064086914,72.9239944688485,66.88200681288977,25.85786318880797,-0.9633710626584532,-0.5949115687096365,66.88999938964844
2024-11-19,66.61000061035156,67.08000183105469,66.0,66.88999938964844,12141,0.004052786429527,68.77100143432617,70.28966725667318,71.0068002319336,68.3130661214725,69.64350051879883,72.7670091298921,66.51999190770556,30.551980804074237,-1.0497500800887425,-0.6858792709854576,68.45999908447266
2024-11-20,66.79000091552734,68.97000122070312,66.75,68.45999908447266,11708,0.0234713665592765,68.64800109863282,70.17133382161458,70.98980026245117,68.33978120565435,69.44100036621094,72.29558749990625,66.58641323251564,43.84017043789873,-0.9802208436724982,-0.7447475855228658,69.19000244140625
2024-11-21,68.45999908447266,71.45999908447266,68.05000305175781,69.19000244140625,4082,0.0106632101474737,68.46200103759766,70.05566711425782,70.97260025024414,68.49436688488196,69.32400054931641,72.00459270850904,66.64340839012378,44.63897268609797,-0.8563418767685107,-0.7670664437719947,71.6500015258789
2024-11-22,71.0199966430664,71.44999694824219,71.0199966430664,71.6500015258789,559,0.0355542563617614,68.52900085449218,70.03700052897135,71.01600021362304,69.06811863779049,69.37350044250488,72.19103387202522,66.55596701298454,57.57042750127941,-0.5532875811249198,-0.7243106712425799,73.19999694824219
2024-11-25,71.98999786376953,73.33999633789062,71.98999786376953,73.19999694824219,51,0.0216328735429747,68.88000030517578,70.10933380126953,71.04500015258789,69.8193692396908,69.51550025939942,72.79135975908568,66.23964075971315,62.60667243557038,-0.1859002493509649,-0.6166285868642569,73.37000274658203
2024-11-26,72.8499984741211,73.25,72.8499984741211,73.37000274658203,781,0.0023224836807036,69.34000091552734,70.2010004679362,71.09620025634766,70.46493896821647,69.65600051879883,73.33652885046244,65.97547218713522,64.37498919666714,0.1176190657167239,-0.4697790563480608,73.56999969482422
2024-11-27,73.47000122070312,73.69999694824219,73.47000122070312,73.56999969482422,10,0.0027258680762622,69.80700073242187,70.27800038655599,71.17400024414063,71.02949546396333,69.83850059509277,73.91483643773496,65.76216475245057,60.82472132080208,0.3700328831854591,-0.3018166684413568,73.3499984741211
2024-11-29,73.62999725341797,73.6500015258789,73.38999938964844,73.3499984741211,4,-0.0029903659319792,70.31000061035157,70.36433359781901,71.20940017700195,71.45140510217382,70.02750053405762,74.39177044024967,65.66323062786557,60.05086259334515,0.5460261427053439,-0.1322481062120167,72.43000030517578
2024-12-02,72.43000030517578,72.43000030517578,72.43000030517578,72.43000030517578,0,-0.0125425792513125,70.87300033569336,70.41233367919922,71.21380020141602,71.62933150271964,70.14050064086913,74.6353834672426,65.64561781449567,61.996481928966496,0.6042999121260664,0.0150614974555999,72.69000244140625
2024-12-03,72.3499984741211,72.3499984741211,72.3499984741211,72.69000244140625,4,0.0035897022661186,71.48000030517578,70.42866719563803,71.2336003112793,71.82218076429902,70.27850074768067,74.91346247825436,65.64353901710697,68.21563671042696,0.6638103017461532,0.1448112583137105,72.5999984741211
2024-12-04,72.80999755859375,72.81999969482422,72.80999755859375,72.5999984741211,187,-0.0012381890805094,72.05100021362304,70.44600041707356,71.2236003112793,71.96360216608485,70.4110008239746,75.15661254100122,65.66538910694798,67.2574464874898,0.6956906574571207,0.2549871381423926,72.38999938964844
2024-12-05,72.83999633789062,72.94000244140625,72.83999633789062,72.38999938964844,15,-0.0028925494336961,72.44400024414062,70.44200032552084,71.19100036621094,72.0411289340055,70.54600067138672,75.35839787862143,65.73360346415201,69.66183717321677,0.6959879817461712,0.3431873068631483,71.4000015258789
2024-12-06,71.4000015258789,71.4000015258789,71.4000015258789,71.4000015258789,22621,-0.0136758926939719,72.6650001525879,70.43766708374024,71.14180038452149,71.92456031434611,70.56350059509278,75.38614928411945,65.7408519060661,73.42158155333546,0.6093152525921965,0.396412896008958,69.94999694824219
2024-12-09,70.01000213623047,70.75,69.75,69.94999694824219,20505,-0.0203081869278555,72.49499969482422,70.414000193278,71.07000030517578,71.5655487932363,70.5120002746582,75.33791896676435,65.68608158255206,65.01349418577054,0.4187956238128834,0.4008894415697431,69.4800033569336
2024-12-10,69.94999694824219,70.16999816894531,69.25,69.4800033569336,22721,-0.006718993735716,72.12300033569336,70.3846669514974,70.98840042114257,71.18635871390853,70.50150032043457,75.3358557834435,65.66714485742564,61.47034436340513,0.2272631424277023,0.3661641817413349,70.1500015258789
2024-12-11,69.4800033569336,70.38999938964844,69.05000305175781,70.1500015258789,22937,0.0096430359322723,71.80100021362304,70.37100041707357,70.93140045166015,70.99793013426678,70.5705005645752,75.33975387194766,65.80124725720273,58.13283224583248,0.128059335532626,0.3185432124995931,70.08999633789062
2024-12-12,69.87000274658203,70.47000122070312,69.83999633789062,70.08999633789062,15616,-0.0008553839869289,71.45299987792968,70.37666702270508,70.87000030517578,70.83285126219839,70.63000030517578,75.34083784749055,65.91916276286102,54.62959765152824,0.0440894509116844,0.2636524601820114,69.2699966430664
2024-12-13,70.0,70.06999969482422,69.19999694824219,69.2699966430664,15256,-0.011699240086576,71.04499969482421,70.36666692097982,70.80560028076172,70.54869587690166,70.6775001525879,75.30875181002482,66.04624849515098,35.27225034983788,-0.0876144451837035,0.1933990791088684,69.05999755859375
2024-12-16,69.2699966430664,69.91000366210938,69.0199966430664,69.05999755859375,13699,-0.0030316023480517,70.70799942016602,70.32966690063476,70.72620025634765,70.27802345539112,70.79049987792969,75.12412091666532,66.45687883919406,19.28786338640701,-0.2065548668666963,0.1134082899137554,68.69000244140625
2024-12-17,69.05999755859375,69.19000244140625,68.55000305175781,68.69000244140625,20097,-0.0053575894912765,70.30799942016601,70.28833363850912,70.63420028686524,69.98929236193932,70.8939998626709,74.89429161338505,66.89370811195674,16.28239334505227,-0.3269031853185709,0.0253459948672902,68.08000183105469
2024-12-18,68.6500015258789,68.9000015258789,68.05000305175781,68.08000183105469,21110,-0.008880486077605,69.85599975585937,70.2260004679362,70.5552003479004,69.6421486290512,70.95349998474121,74.73230087432728,67.17469909515515,12.653068003350697,-0.4661288033323387,-0.0729489647726356,67.91000366210938
2024-12-19,68.11000061035156,68.33999633789062,67.55999755859375,67.91000366210938,19798,-0.0024970353168787,69.40800018310547,70.16666717529297,70.47320037841797,69.32721318051632,70.92600021362304,74.7882887403606,67.06371168688548,12.739738196639934,-0.5834578018250056,-0.1750507321831096,68.05999755859375
